frog_number,validator,species_code
Frog_001,V1,W
Frog_001,V2,W
Frog_001,V3,W
Frog_002,V1,BB
Frog_002,V2,B
Frog_002,V3,B
Frog_003,V1,W
Frog_003,V2,W
Frog_003,V3,BW
Frog_004,V1,B
Frog_004,V2,BB
Frog_004,V3,B
Frog_005,V1,F1
Frog_005,V2,BB
Frog_005,V3,F1
Frog_006,V1,B
Frog_006,V2,B
Frog_006,V3,B
Frog_007,V1,B
Frog_007,V2,B
Frog_007,V3,B
Frog_008,V1,W
Frog_008,V2,W
Frog_008,V3,BW
Frog_009,V1,W
Frog_009,V2,W
Frog_009,V3,W
Frog_010,V1,BB
Frog_010,V2,BB
Frog_010,V3,B
Frog_011,V1,W
Frog_011,V2,W
Frog_011,V3,F1
Frog_012,V1,B
Frog_012,V2,B
Frog_012,V3,B
Frog_013,V1,B
Frog_013,V2,B
Frog_013,V3,B
Frog_014,V1,BB
Frog_014,V2,BB
Frog_014,V3,B
Frog_015,V1,B
Frog_015,V2,B
Frog_015,V3,B
Frog_016,V1,W
Frog_016,V2,W
Frog_016,V3,W
Frog_017,V1,F1
Frog_017,V2,BW
Frog_017,V3,B
Frog_018,V1,W
Frog_018,V2,W
Frog_018,V3,W
Frog_019,V1,BB
Frog_019,V2,B
Frog_019,V3,B
Frog_020,V1,W
Frog_020,V2,W
Frog_020,V3,W
Frog_021,V1,B
Frog_021,V2,B
Frog_021,V3,B
Frog_022,V1,B
Frog_022,V2,B
Frog_022,V3,B
Frog_023,V1,B
Frog_023,V2,B
Frog_023,V3,B
Frog_024,V1,F1
Frog_024,V2,BB
Frog_024,V3,F1
Frog_025,V1,F2
Frog_025,V2,BW
Frog_025,V3,B
Frog_026,V1,W
Frog_026,V2,W
Frog_026,V3,W
Frog_027,V1,W
Frog_027,V2,W
Frog_027,V3,W
Frog_028,V1,BB
Frog_028,V2,BB
Frog_028,V3,W
Frog_029,V1,BB
Frog_029,V2,B
Frog_029,V3,B
Frog_030,V1,B
Frog_030,V2,B
Frog_030,V3,B
Frog_031,V1,W
Frog_031,V2,W
Frog_031,V3,W
Frog_032,V1,BB
Frog_032,V2,B
Frog_032,V3,B
Frog_033,V1,W
Frog_033,V2,W
Frog_033,V3,W
Frog_034,V1,B
Frog_034,V2,B
Frog_034,V3,B
Frog_035,V1,W
Frog_035,V2,W
Frog_035,V3,W
Frog_036,V1,BB
Frog_036,V2,B
Frog_036,V3,B
Frog_037,V1,B
Frog_037,V2,B
Frog_037,V3,B
Frog_038,V1,W
Frog_038,V2,W
Frog_038,V3,W
Frog_039,V1,W
Frog_039,V2,W
Frog_039,V3,W
Frog_040,V1,B
Frog_040,V2,B
Frog_040,V3,B
Frog_041,V1,W
Frog_041,V2,W
Frog_041,V3,W
Frog_042,V1,W
Frog_042,V2,W
Frog_042,V3,W
Frog_043,V1,B
Frog_043,V2,
Frog_043,V3,B
Frog_044,V1,B
Frog_044,V2,B
Frog_044,V3,B
Frog_045,V1,B
Frog_045,V2,B
Frog_045,V3,B
Frog_046,V1,W
Frog_046,V2,BB
Frog_046,V3,W
Frog_047,V1,B
Frog_047,V2,B
Frog_047,V3,B
Frog_048,V1,F1
Frog_048,V2,BW
Frog_048,V3,F1
Frog_049,V1,B
Frog_049,V2,B
Frog_049,V3,B
Frog_050,V1,B
Frog_050,V2,B
Frog_050,V3,B
Frog_051,V1,B
Frog_051,V2,B
Frog_051,V3,B
Frog_052,V1,B
Frog_052,V2,B
Frog_052,V3,B
Frog_053,V1,W
Frog_053,V2,W
Frog_053,V3,W
Frog_054,V1,BB
Frog_054,V2,BB
Frog_054,V3,B
Frog_055,V1,F2
Frog_055,V2,BW
Frog_055,V3,B
Frog_056,V1,F2
Frog_056,V2,W
Frog_056,V3,F1
Frog_057,V1,B
Frog_057,V2,B
Frog_057,V3,B
Frog_058,V1,W
Frog_058,V2,W
Frog_058,V3,BW
Frog_059,V1,B
Frog_059,V2,B
Frog_059,V3,B
Frog_060,V1,B
Frog_060,V2,B
Frog_060,V3,B
Frog_061,V1,B
Frog_061,V2,B
Frog_061,V3,B
Frog_062,V1,W
Frog_062,V2,W
Frog_062,V3,W
Frog_063,V1,B
Frog_063,V2,BB
Frog_063,V3,B
Frog_064,V1,B
Frog_064,V2,B
Frog_064,V3,B
Frog_065,V1,B
Frog_065,V2,B
Frog_065,V3,B
Frog_066,V1,B
Frog_066,V2,B
Frog_066,V3,B
Frog_067,V1,B
Frog_067,V2,B
Frog_067,V3,B
Frog_068,V1,B
Frog_068,V2,B
Frog_068,V3,B
Frog_069,V1,W
Frog_069,V2,W
Frog_069,V3,W
Frog_070,V1,W
Frog_070,V2,W
Frog_070,V3,W
Frog_071,V1,W
Frog_071,V2,W
Frog_071,V3,W
Frog_072,V1,BB
Frog_072,V2,B
Frog_072,V3,B
Frog_073,V1,BB
Frog_073,V2,B
Frog_073,V3,B
Frog_074,V1,BB
Frog_074,V2,B
Frog_074,V3,B
Frog_075,V1,BB
Frog_075,V2,BW
Frog_075,V3,B
Frog_076,V1,BB
Frog_076,V2,BW
Frog_076,V3,B
Frog_077,V1,B
Frog_077,V2,B
Frog_077,V3,B
Frog_078,V1,B
Frog_078,V2,B
Frog_078,V3,B
Frog_079,V1,B
Frog_079,V2,B
Frog_079,V3,B
Frog_080,V1,W
Frog_080,V2,W
Frog_080,V3,W
Frog_081,V1,W
Frog_081,V2,W
Frog_081,V3,W
Frog_082,V1,BB
Frog_082,V2,B
Frog_082,V3,B
Frog_083,V1,B
Frog_083,V2,B
Frog_083,V3,B
Frog_084,V1,W
Frog_084,V2,W
Frog_084,V3,W
Frog_085,V1,B
Frog_085,V2,B
Frog_085,V3,B
Frog_086,V1,BW
Frog_086,V2,W
Frog_086,V3,W
Frog_087,V1,BB
Frog_087,V2,BW
Frog_087,V3,B
Frog_088,V1,BW
Frog_088,V2,W
Frog_088,V3,F1
Frog_089,V1,B
Frog_089,V2,B
Frog_089,V3,B
Frog_090,V1,BB
Frog_090,V2,BB
Frog_090,V3,F1
Frog_091,V1,BW
Frog_091,V2,W
Frog_091,V3,BW
Frog_092,V1,B
Frog_092,V2,B
Frog_092,V3,B
Frog_093,V1,B
Frog_093,V2,B
Frog_093,V3,B
Frog_094,V1,BB
Frog_094,V2,BB
Frog_094,V3,B
Frog_095,V1,B
Frog_095,V2,B
Frog_095,V3,B
Frog_096,V1,B
Frog_096,V2,BW
Frog_096,V3,B
Frog_097,V1,B
Frog_097,V2,B
Frog_097,V3,B
Frog_098,V1,W
Frog_098,V2,W
Frog_098,V3,W
Frog_099,V1,W
Frog_099,V2,W
Frog_099,V3,W
Frog_100,V1,B
Frog_100,V2,B
Frog_100,V3,B
Frog_101,V1,W
Frog_101,V2,W
Frog_101,V3,W
Frog_102,V1,BB
Frog_102,V2,BB
Frog_102,V3,B
Frog_103,V1,BB
Frog_103,V2,B
Frog_103,V3,B
Frog_104,V1,B
Frog_104,V2,B
Frog_104,V3,B
Frog_105,V1,B
Frog_105,V2,B
Frog_105,V3,B
Frog_106,V1,BB
Frog_106,V2,BB
Frog_106,V3,B
Frog_107,V1,B
Frog_107,V2,B
Frog_107,V3,B
Frog_108,V1,B
Frog_108,V2,B
Frog_108,V3,B
Frog_109,V1,B
Frog_109,V2,B
Frog_109,V3,B
Frog_110,V1,B
Frog_110,V2,B
Frog_110,V3,B
Frog_111,V1,B
Frog_111,V2,B
Frog_111,V3,B
Frog_112,V1,W
Frog_112,V2,W
Frog_112,V3,W
Frog_113,V1,BW
Frog_113,V2,W
Frog_113,V3,BW
Frog_114,V1,B
Frog_114,V2,BB
Frog_114,V3,B
Frog_115,V1,F1
Frog_115,V2,BB
Frog_115,V3,B
Frog_116,V1,W
Frog_116,V2,W
Frog_116,V3,W
Frog_117,V1,B
Frog_117,V2,B
Frog_117,V3,B
Frog_118,V1,B
Frog_118,V2,B
Frog_118,V3,B
Frog_119,V1,F1
Frog_119,V2,BW
Frog_119,V3,BB
Frog_120,V1,B
Frog_120,V2,B
Frog_120,V3,B
Frog_121,V1,BB
Frog_121,V2,B
Frog_121,V3,B
Frog_122,V1,W
Frog_122,V2,W
Frog_122,V3,W
Frog_123,V1,BW
Frog_123,V2,W
Frog_123,V3,BW
Frog_124,V1,BB
Frog_124,V2,BB
Frog_124,V3,B
Frog_125,V1,BB
Frog_125,V2,B
Frog_125,V3,B
Frog_126,V1,W
Frog_126,V2,W
Frog_126,V3,W
Frog_127,V1,B
Frog_127,V2,B
Frog_127,V3,B
Frog_128,V1,B
Frog_128,V2,BB
Frog_128,V3,B
Frog_129,V1,F1
Frog_129,V2,W
Frog_129,V3,F1
Frog_130,V1,W
Frog_130,V2,W
Frog_130,V3,BW
Frog_131,V1,B
Frog_131,V2,B
Frog_131,V3,B
Frog_132,V1,W
Frog_132,V2,W
Frog_132,V3,W
Frog_133,V1,B
Frog_133,V2,B
Frog_133,V3,B
Frog_134,V1,W
Frog_134,V2,W
Frog_134,V3,W
Frog_135,V1,BB
Frog_135,V2,B
Frog_135,V3,B
Frog_136,V1,B
Frog_136,V2,B
Frog_136,V3,B
Frog_137,V1,B
Frog_137,V2,B
Frog_137,V3,B
Frog_138,V1,B
Frog_138,V2,B
Frog_138,V3,B
Frog_139,V1,B
Frog_139,V2,BB
Frog_139,V3,B
Frog_140,V1,BB
Frog_140,V2,BB
Frog_140,V3,B
Frog_141,V1,B
Frog_141,V2,B
Frog_141,V3,B
Frog_142,V1,B
Frog_142,V2,B
Frog_142,V3,B
Frog_143,V1,B
Frog_143,V2,B
Frog_143,V3,B
Frog_144,V1,B
Frog_144,V2,B
Frog_144,V3,B
Frog_145,V1,B
Frog_145,V2,B
Frog_145,V3,B
Frog_146,V1,BB
Frog_146,V2,BB
Frog_146,V3,B
Frog_147,V1,W
Frog_147,V2,W
Frog_147,V3,W
Frog_148,V1,B
Frog_148,V2,B
Frog_148,V3,B
Frog_149,V1,BB
Frog_149,V2,BB
Frog_149,V3,BB
Frog_150,V1,B
Frog_150,V2,B
Frog_150,V3,B
Frog_151,V1,F1
Frog_151,V2,B
Frog_151,V3,B
Frog_152,V1,B
Frog_152,V2,B
Frog_152,V3,B
Frog_153,V1,B
Frog_153,V2,B
Frog_153,V3,B
Frog_154,V1,BB
Frog_154,V2,BW
Frog_154,V3,F1
Frog_155,V1,B
Frog_155,V2,B
Frog_155,V3,B
Frog_156,V1,W
Frog_156,V2,W
Frog_156,V3,W
Frog_157,V1,B
Frog_157,V2,B
Frog_157,V3,B
Frog_158,V1,W
Frog_158,V2,W
Frog_158,V3,BW
Frog_159,V1,B
Frog_159,V2,B
Frog_159,V3,B
Frog_160,V1,B
Frog_160,V2,B
Frog_160,V3,B
Frog_161,V1,B
Frog_161,V2,B
Frog_161,V3,B
Frog_162,V1,W
Frog_162,V2,W
Frog_162,V3,W
Frog_163,V1,W
Frog_163,V2,W
Frog_163,V3,W
Frog_164,V1,F1
Frog_164,V2,BW
Frog_164,V3,F1
Frog_165,V1,W
Frog_165,V2,W
Frog_165,V3,W
Frog_166,V1,B
Frog_166,V2,B
Frog_166,V3,B
Frog_167,V1,B
Frog_167,V2,B
Frog_167,V3,B
Frog_168,V1,B
Frog_168,V2,B
Frog_168,V3,B
Frog_169,V1,B
Frog_169,V2,B
Frog_169,V3,B
Frog_170,V1,B
Frog_170,V2,B
Frog_170,V3,B
Frog_171,V1,BW
Frog_171,V2,W
Frog_171,V3,F1
Frog_172,V1,BB
Frog_172,V2,BB
Frog_172,V3,BB
Frog_173,V1,W
Frog_173,V2,W
Frog_173,V3,W
Frog_174,V1,W
Frog_174,V2,W
Frog_174,V3,W
Frog_175,V1,B
Frog_175,V2,B
Frog_175,V3,B
Frog_176,V1,B
Frog_176,V2,B
Frog_176,V3,B
Frog_177,V1,W
Frog_177,V2,W
Frog_177,V3,W
Frog_178,V1,B
Frog_178,V2,BB
Frog_178,V3,B
Frog_179,V1,B
Frog_179,V2,B
Frog_179,V3,B
Frog_180,V1,B
Frog_180,V2,B
Frog_180,V3,B
Frog_181,V1,B
Frog_181,V2,B
Frog_181,V3,B
Frog_182,V1,W
Frog_182,V2,W
Frog_182,V3,W
Frog_183,V1,B
Frog_183,V2,B
Frog_183,V3,B
Frog_184,V1,W
Frog_184,V2,W
Frog_184,V3,W
Frog_185,V1,F1
Frog_185,V2,W
Frog_185,V3,F1
Frog_186,V1,B
Frog_186,V2,B
Frog_186,V3,B
Frog_187,V1,B
Frog_187,V2,B
Frog_187,V3,B
Frog_188,V1,BW
Frog_188,V2,W
Frog_188,V3,W
Frog_189,V1,B
Frog_189,V2,B
Frog_189,V3,B
Frog_190,V1,B
Frog_190,V2,B
Frog_190,V3,B
Frog_191,V1,B
Frog_191,V2,B
Frog_191,V3,B
Frog_192,V1,BB
Frog_192,V2,BB
Frog_192,V3,F1
Frog_193,V1,BB
Frog_193,V2,B
Frog_193,V3,B
Frog_194,V1,B
Frog_194,V2,B
Frog_194,V3,B
Frog_195,V1,W
Frog_195,V2,W
Frog_195,V3,W
Frog_196,V1,B
Frog_196,V2,B
Frog_196,V3,B
Frog_197,V1,B
Frog_197,V2,B
Frog_197,V3,B
Frog_198,V1,W
Frog_198,V2,W
Frog_198,V3,W
Frog_199,V1,BW
Frog_199,V2,W
Frog_199,V3,W
Frog_200,V1,F1
Frog_200,V2,BB
Frog_200,V3,F1
Frog_201,V1,B
Frog_201,V2,B
Frog_201,V3,B
Frog_202,V1,B
Frog_202,V2,B
Frog_202,V3,B
Frog_203,V1,B
Frog_203,V2,B
Frog_203,V3,B
Frog_204,V1,B
Frog_204,V2,B
Frog_204,V3,B
Frog_205,V1,W
Frog_205,V2,W
Frog_205,V3,W
Frog_206,V1,W
Frog_206,V2,W
Frog_206,V3,W
Frog_207,V1,B
Frog_207,V2,B
Frog_207,V3,B
Frog_208,V1,W
Frog_208,V2,W
Frog_208,V3,W
Frog_209,V1,B
Frog_209,V2,B
Frog_209,V3,B
Frog_210,V1,W
Frog_210,V2,W
Frog_210,V3,W
Frog_211,V1,B
Frog_211,V2,B
Frog_211,V3,B
Frog_212,V1,B
Frog_212,V2,B
Frog_212,V3,B
Frog_213,V1,B
Frog_213,V2,B
Frog_213,V3,B
Frog_214,V1,F2
Frog_214,V2,BW
Frog_214,V3,BB
Frog_215,V1,W
Frog_215,V2,W
Frog_215,V3,W
Frog_216,V1,BW
Frog_216,V2,W
Frog_216,V3,F1
Frog_218,V1,W
Frog_218,V2,W
Frog_218,V3,W
Frog_219,V1,B
Frog_219,V2,B
Frog_219,V3,B
Frog_220,V1,B
Frog_220,V2,B
Frog_220,V3,B
Frog_221,V1,B
Frog_221,V2,B
Frog_221,V3,B
Frog_222,V1,BB
Frog_222,V2,BB
Frog_222,V3,B
Frog_223,V1,W
Frog_223,V2,W
Frog_223,V3,W
Frog_224,V1,B
Frog_224,V2,B
Frog_224,V3,B
Frog_225,V1,BB
Frog_225,V2,B
Frog_225,V3,B
Frog_226,V1,B
Frog_226,V2,B
Frog_226,V3,B
Frog_227,V1,B
Frog_227,V2,B
Frog_227,V3,B
Frog_228,V1,B
Frog_228,V2,B
Frog_228,V3,B
Frog_229,V1,B
Frog_229,V2,B
Frog_229,V3,B
Frog_230,V1,B
Frog_230,V2,B
Frog_230,V3,B
Frog_231,V1,B
Frog_231,V2,B
Frog_231,V3,B
Frog_232,V1,B
Frog_232,V2,B
Frog_232,V3,B
Frog_233,V1,W
Frog_233,V2,W
Frog_233,V3,W
Frog_234,V1,W
Frog_234,V2,W
Frog_234,V3,W
Frog_235,V1,B
Frog_235,V2,B
Frog_235,V3,B
Frog_236,V1,W
Frog_236,V2,W
Frog_236,V3,W
Frog_237,V1,W
Frog_237,V2,W
Frog_237,V3,W
Frog_238,V1,B
Frog_238,V2,B
Frog_238,V3,B
Frog_239,V1,W
Frog_239,V2,W
Frog_239,V3,W
Frog_240,V1,BW
Frog_240,V2,W
Frog_240,V3,BW
Frog_241,V1,W
Frog_241,V2,W
Frog_241,V3,W
Frog_242,V1,B
Frog_242,V2,B
Frog_242,V3,B
Frog_243,V1,B
Frog_243,V2,B
Frog_243,V3,B
Frog_244,V1,B
Frog_244,V2,B
Frog_244,V3,B
Frog_245,V1,W
Frog_245,V2,W
Frog_245,V3,W
Frog_246,V1,B
Frog_246,V2,B
Frog_246,V3,B
Frog_247,V1,W
Frog_247,V2,W
Frog_247,V3,W
Frog_248,V1,B
Frog_248,V2,B
Frog_248,V3,B
Frog_249,V1,F2
Frog_249,V2,BB
Frog_249,V3,BB
Frog_250,V1,B
Frog_250,V2,B
Frog_250,V3,B
Frog_251,V1,B
Frog_251,V2,B
Frog_251,V3,B
Frog_252,V1,B
Frog_252,V2,B
Frog_252,V3,B
Frog_253,V1,F1
Frog_253,V2,BB
Frog_253,V3,B
Frog_254,V1,B
Frog_254,V2,B
Frog_254,V3,B
Frog_255,V1,W
Frog_255,V2,W
Frog_255,V3,W
