filename,code_a,code,rand_id
20200222_220549_Glen_Boor05.jpg,GN,GN1B05,Frog_150
20200222_220551_Glen_Boor05.jpg,GN,GN1B05,Frog_150
20200225_004904_Beach_LW08.jpg,BH,BH1L08,Frog_026
20200225_004915_Beach_LW08.jpg,BH,BH1L08,Frog_026
20200225_004922_Beach_LW08.jpg,BH,BH1L08,Frog_026
20200225_004929_Beach_LW08.jpg,BH,BH1L08,Frog_026
20200225_004938_Beach_LW08.jpg,BH,BH1L08,Frog_026
20200225_004944_Beach_LW08.jpg,BH,BH1L08,Frog_026
20200225_004956_Beach_LW08.jpg,BH,BH1L08,Frog_026
20200225_011243_Beach_Boor17.jpg,BH,BH1B17,Frog_114
20200225_011251_Beach_Boor17.jpg,BH,BH1B17,Frog_114
20200225_011304_Beach_Boor17.jpg,BH,BH1B17,Frog_114
20200225_011312_Beach_Boor17.jpg,BH,BH1B17,Frog_114
20200225_011319_Beach_Boor17.jpg,BH,BH1B17,Frog_114
20200225_011321_Beach_Boor17.jpg,BH,BH1B17,Frog_114
20200225_011333_Beach_Boor17.jpg,BH,BH1B17,Frog_114
20200225_011347_Beach_Boor17.jpg,BH,BH1B17,Frog_114
20200225_011653_Beach_Boor18.jpg,BH,BH1B18,Frog_154
20200225_011659_Beach_Boor18.jpg,BH,BH1B18,Frog_154
20200225_011705_Beach_Boor18.jpg,BH,BH1B18,Frog_154
20200225_011708_Beach_Boor18.jpg,BH,BH1B18,Frog_154
20200225_011714_Beach_Boor18.jpg,BH,BH1B18,Frog_154
20200225_011723_Beach_Boor18.jpg,BH,BH1B18,Frog_154
20200225_011739_Beach_Boor18.jpg,BH,BH1B18,Frog_154
20200225_013532_Beach_Boor19_correctedStony.jpg,BH,BH1B19,Frog_205
20200225_013538_Beach_Boor19_correctedStony.jpg,BH,BH1B19,Frog_205
20200225_013543_Beach_Boor19_correctedStony.jpg,BH,BH1B19,Frog_205
20200225_013548_Beach_Boor19_correctedStony.jpg,BH,BH1B19,Frog_205
20200225_013558_Beach_Boor19_correctedStony.jpg,BH,BH1B19,Frog_205
20200225_013559_Beach_Boor19_correctedStony.jpg,BH,BH1B19,Frog_205
20200225_013609_Beach_Boor19_correctedStony.jpg,BH,BH1B19,Frog_205
20200225_013618_Beach_Boor19_correctedStony.jpg,BH,BH1B19,Frog_205
20200225_013620_Beach_Boor19_correctedStony.jpg,BH,BH1B19,Frog_205
20200225_014936_Beach_Boor20_correctedStony.jpg,BH,BH1B20,Frog_239
20200225_014941_Beach_Boor20_correctedStony.jpg,BH,BH1B20,Frog_239
20200225_014950_Beach_Boor20_correctedStony.jpg,BH,BH1B20,Frog_239
20200225_014955_Beach_Boor20_correctedStony.jpg,BH,BH1B20,Frog_239
20200225_015000_Beach_Boor20_correctedStony.jpg,BH,BH1B20,Frog_239
20200225_015013_Beach_Boor20_correctedStony.jpg,BH,BH1B20,Frog_239
20200225_015021_Beach_Boor20_correctedStony.jpg,BH,BH1B20,Frog_239
20200225_015426_Beach_LW09.jpg,BH,BH1L09,Frog_042
20200225_015432_Beach_LW09.jpg,BH,BH1L09,Frog_042
20200225_015436_Beach_LW09.jpg,BH,BH1L09,Frog_042
20200225_015440_Beach_LW09.jpg,BH,BH1L09,Frog_042
20200225_015446_Beach_LW09.jpg,BH,BH1L09,Frog_042
20200225_015454_Beach_LW09.jpg,BH,BH1L09,Frog_042
20200225_015512_Beach_LW09.jpg,BH,BH1L09,Frog_042
20200225_015514_Beach_LW09.jpg,BH,BH1L09,Frog_042
20200225_015535_Beach_LW09.jpg,BH,BH1L09,Frog_042
20200225_021515_Beach_LW10.jpg,BH,BH1L10,Frog_216
20200225_021520_Beach_LW10.jpg,BH,BH1L10,Frog_216
20200225_021525_Beach_LW10.jpg,BH,BH1L10,Frog_216
20200225_021529_Beach_LW10.jpg,BH,BH1L10,Frog_216
20200225_021535_Beach_LW10.jpg,BH,BH1L10,Frog_216
20200225_021546_Beach_LW10.jpg,BH,BH1L10,Frog_216
20200225_021553_Beach_LW10.jpg,BH,BH1L10,Frog_216
20200225_221147_SilentCk_Boor04.jpg,SC,SC1B04,Frog_151
20200225_221150_SilentCk_Boor04.jpg,SC,SC1B04,Frog_151
20200225_221201_SilentCk_Boor04.jpg,SC,SC1B04,Frog_151
20200225_221204_SilentCk_Boor04.jpg,SC,SC1B04,Frog_151
20200225_221214_SilentCk_Boor04.jpg,SC,SC1B04,Frog_151
20200225_221224_SilentCk_Boor04.jpg,SC,SC1B04,Frog_151
20200225_221225_SilentCk_Boor04.jpg,SC,SC1B04,Frog_151
20200225_221236_SilentCk_Boor04.jpg,SC,SC1B04,Frog_151
20200225_222152_SilentCk_Boor05.jpg,SC,SC1B05,Frog_024
20200225_222155_SilentCk_Boor05.jpg,SC,SC1B05,Frog_024
20200225_222205_SilentCk_Boor05.jpg,SC,SC1B05,Frog_024
20200225_222211_SilentCk_Boor05.jpg,SC,SC1B05,Frog_024
20200225_222218_SilentCk_Boor05.jpg,SC,SC1B05,Frog_024
20200225_222227_SilentCk_Boor05.jpg,SC,SC1B05,Frog_024
20200225_222238_SilentCk_Boor05.jpg,SC,SC1B05,Frog_024
20200225_223904_SilentCk_Boor06.jpg,SC,SC1B06,Frog_251
20200225_223912_SilentCk_Boor06.jpg,SC,SC1B06,Frog_251
20200225_223923_SilentCk_Boor06.jpg,SC,SC1B06,Frog_251
20200225_223926_SilentCk_Boor06.jpg,SC,SC1B06,Frog_251
20200225_223932_SilentCk_Boor06.jpg,SC,SC1B06,Frog_251
20200225_223940_SilentCk_Boor06.jpg,SC,SC1B06,Frog_251
20200225_223956_SilentCk_Boor06.jpg,SC,SC1B06,Frog_251
20200225_225831_SilentCk_Boor07.jpg,SC,SC1B07,Frog_227
20200225_225838_SilentCk_Boor07.jpg,SC,SC1B07,Frog_227
20200225_225844_SilentCk_Boor07.jpg,SC,SC1B07,Frog_227
20200225_225849_SilentCk_Boor07.jpg,SC,SC1B07,Frog_227
20200225_225853_SilentCk_Boor07.jpg,SC,SC1B07,Frog_227
20200225_225856_SilentCk_Boor07.jpg,SC,SC1B07,Frog_227
20200225_225907_SilentCk_Boor07.jpg,SC,SC1B07,Frog_227
20200225_225915_SilentCk_Boor07.jpg,SC,SC1B07,Frog_227
20200321_200604_Glen_Boor01.jpg,GN,GN2B01,Frog_175
20200321_200609_Glen_Boor01.jpg,GN,GN2B01,Frog_175
20200321_200633_Glen_Boor01.jpg,GN,GN2B01,Frog_175
20200321_200640_Glen_Boor01.jpg,GN,GN2B01,Frog_175
20200321_200644_Glen_Boor01.jpg,GN,GN2B01,Frog_175
20200321_200656_Glen_Boor01.jpg,GN,GN2B01,Frog_175
20200321_200710_Glen_Boor01.jpg,GN,GN2B01,Frog_175
20200321_200723_Glen_Boor01.jpg,GN,GN2B01,Frog_175
20200321_200736_Glen_Boor01.jpg,GN,GN2B01,Frog_175
20200321_201043_Glen_Boor02.jpg,GN,GN2B02,Frog_196
20200321_201048_Glen_Boor02.jpg,GN,GN2B02,Frog_196
20200321_201055_Glen_Boor02.jpg,GN,GN2B02,Frog_196
20200321_201058_Glen_Boor02.jpg,GN,GN2B02,Frog_196
20200321_201101_Glen_Boor02.jpg,GN,GN2B02,Frog_196
20200321_201114_Glen_Boor02.jpg,GN,GN2B02,Frog_196
20200321_201117_Glen_Boor02.jpg,GN,GN2B02,Frog_196
20200321_201203_Glen_Boor02.jpg,GN,GN2B02,Frog_196
20200321_201214_Glen_Boor02.jpg,GN,GN2B02,Frog_196
20200321_202453_Glen_Boor03.jpg,GN,GN2B03,Frog_201
20200321_202458_Glen_Boor03.jpg,GN,GN2B03,Frog_201
20200321_202504_Glen_Boor03.jpg,GN,GN2B03,Frog_201
20200321_202528_Glen_Boor03.jpg,GN,GN2B03,Frog_201
20200321_202532_Glen_Boor03.jpg,GN,GN2B03,Frog_201
20200321_202535_Glen_Boor03.jpg,GN,GN2B03,Frog_201
20200321_202547_Glen_Boor03.jpg,GN,GN2B03,Frog_201
20200321_202601_Glen_Boor03.jpg,GN,GN2B03,Frog_201
20200321_203137_Glen_Boor04.jpg,GN,GN2B04,Frog_105
20200321_203139_Glen_Boor04.jpg,GN,GN2B04,Frog_105
20200321_203148_Glen_Boor04.jpg,GN,GN2B04,Frog_105
20200321_203157_Glen_Boor04.jpg,GN,GN2B04,Frog_105
20200321_203206_Glen_Boor04.jpg,GN,GN2B04,Frog_105
20200321_203210_Glen_Boor04.jpg,GN,GN2B04,Frog_105
20200321_203219_Glen_Boor04.jpg,GN,GN2B04,Frog_105
20200321_205124_Glen_Boor07.jpg,GN,GN2B07,Frog_172
20200321_205130_Glen_Boor07.jpg,GN,GN2B07,Frog_172
20200321_205140_Glen_Boor07.jpg,GN,GN2B07,Frog_172
20200321_205142_Glen_Boor07.jpg,GN,GN2B07,Frog_172
20200321_205159_Glen_Boor07.jpg,GN,GN2B07,Frog_172
20200321_205202_Glen_Boor07.jpg,GN,GN2B07,Frog_172
20200321_205210_Glen_Boor07.jpg,GN,GN2B07,Frog_172
20200321_210542_Glen_Boor08.jpg,GN,GN2B08,Frog_067
20200321_210549_Glen_Boor08.jpg,GN,GN2B08,Frog_067
20200321_210553_Glen_Boor08.jpg,GN,GN2B08,Frog_067
20200321_210605_Glen_Boor08.jpg,GN,GN2B08,Frog_067
20200321_210614_Glen_Boor08.jpg,GN,GN2B08,Frog_067
20200321_210622_Glen_Boor08.jpg,GN,GN2B08,Frog_067
20200321_210634_Glen_Boor08.jpg,GN,GN2B08,Frog_067
20200321_211125_Glen_Boor09.jpg,GN,GN2B09,Frog_136
20200321_211137_Glen_Boor09.jpg,GN,GN2B09,Frog_136
20200321_211140_Glen_Boor09.jpg,GN,GN2B09,Frog_136
20200321_211145_Glen_Boor09.jpg,GN,GN2B09,Frog_136
20200321_211147_Glen_Boor09.jpg,GN,GN2B09,Frog_136
20200321_211156_Glen_Boor09.jpg,GN,GN2B09,Frog_136
20200321_211202_Glen_Boor09.jpg,GN,GN2B09,Frog_136
20200321_211212_Glen_Boor09.jpg,GN,GN2B09,Frog_136
20200321_211633_Glen_Boor10.jpg,GN,GN2B10,Frog_140
20200321_211640_Glen_Boor10.jpg,GN,GN2B10,Frog_140
20200321_211643_Glen_Boor10.jpg,GN,GN2B10,Frog_140
20200321_211647_Glen_Boor10.jpg,GN,GN2B10,Frog_140
20200321_211654_Glen_Boor10.jpg,GN,GN2B10,Frog_140
20200321_211705_Glen_Boor10.jpg,GN,GN2B10,Frog_140
20200321_211707_Glen_Boor10.jpg,GN,GN2B10,Frog_140
20200321_211715_Glen_Boor10.jpg,GN,GN2B10,Frog_140
20200321_212740_Glen_LW01.jpg,GN,GN2L01,Frog_198
20200321_212743_Glen_LW01.jpg,GN,GN2L01,Frog_198
20200321_212754_Glen_LW01.jpg,GN,GN2L01,Frog_198
20200321_212812_Glen_LW01.jpg,GN,GN2L01,Frog_198
20200321_212821_Glen_LW01.jpg,GN,GN2L01,Frog_198
20200321_212824_Glen_LW01.jpg,GN,GN2L01,Frog_198
20200321_212832_Glen_LW01.jpg,GN,GN2L01,Frog_198
20200321_215424_Glen_Boor11.jpg,GN,GN2B11,Frog_077
20200321_215428_Glen_Boor11.jpg,GN,GN2B11,Frog_077
20200321_215434_Glen_Boor11.jpg,GN,GN2B11,Frog_077
20200321_215437_Glen_Boor11.jpg,GN,GN2B11,Frog_077
20200321_215442_Glen_Boor11.jpg,GN,GN2B11,Frog_077
20200321_215454_Glen_Boor11.jpg,GN,GN2B11,Frog_077
20200321_215458_Glen_Boor11.jpg,GN,GN2B11,Frog_077
20200321_215506_Glen_Boor11.jpg,GN,GN2B11,Frog_077
20200321_215901_Glen_Boor12.jpg,GN,GN2B12,Frog_161
20200321_215908_Glen_Boor12.jpg,GN,GN2B12,Frog_161
20200321_215912_Glen_Boor12.jpg,GN,GN2B12,Frog_161
20200321_215919_Glen_Boor12.jpg,GN,GN2B12,Frog_161
20200321_215930_Glen_Boor12.jpg,GN,GN2B12,Frog_161
20200321_215935_Glen_Boor12.jpg,GN,GN2B12,Frog_161
20200321_220005_Glen_Boor12.jpg,GN,GN2B12,Frog_161
20200321_221333_Glen_Boor14.jpg,GN,GN2B14,Frog_118
20200321_221336_Glen_Boor14.jpg,GN,GN2B14,Frog_118
20200321_221340_Glen_Boor14.jpg,GN,GN2B14,Frog_118
20200321_221352_Glen_Boor14.jpg,GN,GN2B14,Frog_118
20200321_221354_Glen_Boor14.jpg,GN,GN2B14,Frog_118
20200321_221406_Glen_Boor14.jpg,GN,GN2B14,Frog_118
20200321_221423_Glen_Boor14.jpg,GN,GN2B14,Frog_118
20200321_221429_Glen_Boor14.jpg,GN,GN2B14,Frog_118
20200321_221448_Glen_Boor14.jpg,GN,GN2B14,Frog_118
20200321_221459_Glen_Boor14.jpg,GN,GN2B14,Frog_118
20200321_222603_Glen_Boor15.jpg,GN,GN2B15,Frog_109
20200321_222607_Glen_Boor15.jpg,GN,GN2B15,Frog_109
20200321_222613_Glen_Boor15.jpg,GN,GN2B15,Frog_109
20200321_222620_Glen_Boor15.jpg,GN,GN2B15,Frog_109
20200321_222635_Glen_Boor15.jpg,GN,GN2B15,Frog_109
20200321_222646_Glen_Boor15.jpg,GN,GN2B15,Frog_109
20200321_222650_Glen_Boor15.jpg,GN,GN2B15,Frog_109
20200321_222701_Glen_Boor15.jpg,GN,GN2B15,Frog_109
20200321_222721_Glen_Boor15.jpg,GN,GN2B15,Frog_109
20200321_222727_Glen_Boor15.jpg,GN,GN2B15,Frog_109
20200321_223922_Glen_Boor16.jpg,GN,GN2B16,Frog_012
20200321_223924_Glen_Boor16.jpg,GN,GN2B16,Frog_012
20200321_223927_Glen_Boor16.jpg,GN,GN2B16,Frog_012
20200321_223933_Glen_Boor16.jpg,GN,GN2B16,Frog_012
20200321_223942_Glen_Boor16.jpg,GN,GN2B16,Frog_012
20200321_223944_Glen_Boor16.jpg,GN,GN2B16,Frog_012
20200321_223955_Glen_Boor16.jpg,GN,GN2B16,Frog_012
20200321_234645_Sink_LW01.jpg,SK,SK2L01,Frog_215
20200321_234649_Sink_LW01.jpg,SK,SK2L01,Frog_215
20200321_234655_Sink_LW01.jpg,SK,SK2L01,Frog_215
20200321_234700_Sink_LW01.jpg,SK,SK2L01,Frog_215
20200321_234717_Sink_LW01.jpg,SK,SK2L01,Frog_215
20200321_234721_Sink_LW01.jpg,SK,SK2L01,Frog_215
20200321_234727_Sink_LW01.jpg,SK,SK2L01,Frog_215
20200321_235247_Sink_Boor01.jpg,SK,SK2B01,Frog_128
20200321_235251_Sink_Boor01.jpg,SK,SK2B01,Frog_128
20200321_235257_Sink_Boor01.jpg,SK,SK2B01,Frog_128
20200321_235309_Sink_Boor01.jpg,SK,SK2B01,Frog_128
20200321_235320_Sink_Boor01.jpg,SK,SK2B01,Frog_128
20200321_235323_Sink_Boor01.jpg,SK,SK2B01,Frog_128
20200321_235333_Sink_Boor01.jpg,SK,SK2B01,Frog_128
20200322_000704_Sink_Boor02.jpg,SK,SK2B02,Frog_193
20200322_000707_Sink_Boor02.jpg,SK,SK2B02,Frog_193
20200322_000715_Sink_Boor02.jpg,SK,SK2B02,Frog_193
20200322_000722_Sink_Boor02.jpg,SK,SK2B02,Frog_193
20200322_000732_Sink_Boor02.jpg,SK,SK2B02,Frog_193
20200322_000738_Sink_Boor02.jpg,SK,SK2B02,Frog_193
20200322_000755_Sink_Boor02.jpg,SK,SK2B02,Frog_193
20200322_001049_Sink_Boor03.jpg,SK,SK2B03,Frog_050
20200322_001052_Sink_Boor03.jpg,SK,SK2B03,Frog_050
20200322_001104_Sink_Boor03.jpg,SK,SK2B03,Frog_050
20200322_001116_Sink_Boor03.jpg,SK,SK2B03,Frog_050
20200322_001125_Sink_Boor03.jpg,SK,SK2B03,Frog_050
20200322_001132_Sink_Boor03.jpg,SK,SK2B03,Frog_050
20200322_001207_Sink_Boor03.jpg,SK,SK2B03,Frog_050
20200322_002604_Sink_Boor04.jpg,SK,SK2B04,Frog_102
20200322_002608_Sink_Boor04.jpg,SK,SK2B04,Frog_102
20200322_002619_Sink_Boor04.jpg,SK,SK2B04,Frog_102
20200322_002636_Sink_Boor04.jpg,SK,SK2B04,Frog_102
20200322_002650_Sink_Boor04.jpg,SK,SK2B04,Frog_102
20200322_002653_Sink_Boor04.jpg,SK,SK2B04,Frog_102
20200322_002704_Sink_Boor04.jpg,SK,SK2B04,Frog_102
20200322_003855_Sink_Boor05.jpg,SK,SK2B05,Frog_068
20200322_003903_Sink_Boor05.jpg,SK,SK2B05,Frog_068
20200322_003910_Sink_Boor05.jpg,SK,SK2B05,Frog_068
20200322_003921_Sink_Boor05.jpg,SK,SK2B05,Frog_068
20200322_003932_Sink_Boor05.jpg,SK,SK2B05,Frog_068
20200322_003959_Sink_Boor05.jpg,SK,SK2B05,Frog_068
20200322_004003_Sink_Boor05.jpg,SK,SK2B05,Frog_068
20200322_004019_Sink_Boor05.jpg,SK,SK2B05,Frog_068
20200322_004415_Sink_Boor06.jpg,SK,SK2B06,Frog_207
20200322_004419_Sink_Boor06.jpg,SK,SK2B06,Frog_207
20200322_004425_Sink_Boor06.jpg,SK,SK2B06,Frog_207
20200322_004432_Sink_Boor06.jpg,SK,SK2B06,Frog_207
20200322_004442_Sink_Boor06.jpg,SK,SK2B06,Frog_207
20200322_004445_Sink_Boor06.jpg,SK,SK2B06,Frog_207
20200322_004453_Sink_Boor06.jpg,SK,SK2B06,Frog_207
20200322_010109_Sink_Boor07.jpg,SK,SK2B07,Frog_019
20200322_010111_Sink_Boor07.jpg,SK,SK2B07,Frog_019
20200322_010115_Sink_Boor07.jpg,SK,SK2B07,Frog_019
20200322_010122_Sink_Boor07.jpg,SK,SK2B07,Frog_019
20200322_010130_Sink_Boor07.jpg,SK,SK2B07,Frog_019
20200322_010132_Sink_Boor07.jpg,SK,SK2B07,Frog_019
20200322_010139_Sink_Boor07.jpg,SK,SK2B07,Frog_019
20200322_195051_Beach_Boor01.jpg,BH,BH2B01,Frog_149
20200322_195056_Beach_Boor01.jpg,BH,BH2B01,Frog_149
20200322_195101_Beach_Boor01.jpg,BH,BH2B01,Frog_149
20200322_195108_Beach_Boor01.jpg,BH,BH2B01,Frog_149
20200322_195123_Beach_Boor01.jpg,BH,BH2B01,Frog_149
20200322_195127_Beach_Boor01.jpg,BH,BH2B01,Frog_149
20200322_195131_Beach_Boor01.jpg,BH,BH2B01,Frog_149
20200322_195140_Beach_Boor01.jpg,BH,BH2B01,Frog_149
20200322_195142_Beach_Boor01.jpg,BH,BH2B01,Frog_149
20200322_200147_Beach_LW01.jpg,BH,BH2L01,Frog_038
20200322_200149_Beach_LW01.jpg,BH,BH2L01,Frog_038
20200322_200158_Beach_LW01.jpg,BH,BH2L01,Frog_038
20200322_200201_Beach_LW01.jpg,BH,BH2L01,Frog_038
20200322_200207_Beach_LW01.jpg,BH,BH2L01,Frog_038
20200322_200220_Beach_LW01.jpg,BH,BH2L01,Frog_038
20200322_200222_Beach_LW01.jpg,BH,BH2L01,Frog_038
20200322_200228_Beach_LW01.jpg,BH,BH2L01,Frog_038
20200322_200632_Beach_Boor02.jpg,BH,BH2B02,Frog_032
20200322_200634_Beach_Boor02.jpg,BH,BH2B02,Frog_032
20200322_200643_Beach_Boor02.jpg,BH,BH2B02,Frog_032
20200322_200651_Beach_Boor02.jpg,BH,BH2B02,Frog_032
20200322_200658_Beach_Boor02.jpg,BH,BH2B02,Frog_032
20200322_200706_Beach_Boor02.jpg,BH,BH2B02,Frog_032
20200322_200720_Beach_Boor02.jpg,BH,BH2B02,Frog_032
20200322_200729_Beach_Boor02.jpg,BH,BH2B02,Frog_032
20200322_201216_Beach_Boor03.jpg,BH,BH2B03,Frog_244
20200322_201219_Beach_Boor03.jpg,BH,BH2B03,Frog_244
20200322_201225_Beach_Boor03.jpg,BH,BH2B03,Frog_244
20200322_201236_Beach_Boor03.jpg,BH,BH2B03,Frog_244
20200322_201239_Beach_Boor03.jpg,BH,BH2B03,Frog_244
20200322_201241_Beach_Boor03.jpg,BH,BH2B03,Frog_244
20200322_201258_Beach_Boor03.jpg,BH,BH2B03,Frog_244
20200322_201309_Beach_Boor03.jpg,BH,BH2B03,Frog_244
20200322_202423_Beach_Boor04.jpg,BH,BH2B04,Frog_094
20200322_202430_Beach_Boor04.jpg,BH,BH2B04,Frog_094
20200322_202434_Beach_Boor04.jpg,BH,BH2B04,Frog_094
20200322_202441_Beach_Boor04.jpg,BH,BH2B04,Frog_094
20200322_202450_Beach_Boor04.jpg,BH,BH2B04,Frog_094
20200322_202456_Beach_Boor04.jpg,BH,BH2B04,Frog_094
20200322_202513_Beach_Boor04.jpg,BH,BH2B04,Frog_094
20200322_202931_Beach_LW02.jpg,BH,BH2L02,Frog_070
20200322_202934_Beach_LW02.jpg,BH,BH2L02,Frog_070
20200322_202937_Beach_LW02.jpg,BH,BH2L02,Frog_070
20200322_202944_Beach_LW02.jpg,BH,BH2L02,Frog_070
20200322_202955_Beach_LW02.jpg,BH,BH2L02,Frog_070
20200322_202957_Beach_LW02.jpg,BH,BH2L02,Frog_070
20200322_203005_Beach_LW02.jpg,BH,BH2L02,Frog_070
20200322_203014_Beach_LW02.jpg,BH,BH2L02,Frog_070
20200322_203323_Beach_Boor05.jpg,BH,BH2B05,Frog_121
20200322_203327_Beach_Boor05.jpg,BH,BH2B05,Frog_121
20200322_203330_Beach_Boor05.jpg,BH,BH2B05,Frog_121
20200322_203336_Beach_Boor05.jpg,BH,BH2B05,Frog_121
20200322_203345_Beach_Boor05.jpg,BH,BH2B05,Frog_121
20200322_203348_Beach_Boor05.jpg,BH,BH2B05,Frog_121
20200322_203408_Beach_Boor05.jpg,BH,BH2B05,Frog_121
20200322_204857_Beach_Boor06.jpg,BH,BH2B06,Frog_242
20200322_204903_Beach_Boor06.jpg,BH,BH2B06,Frog_242
20200322_204906_Beach_Boor06.jpg,BH,BH2B06,Frog_242
20200322_204926_Beach_Boor06.jpg,BH,BH2B06,Frog_242
20200322_204942_Beach_Boor06.jpg,BH,BH2B06,Frog_242
20200322_204945_Beach_Boor06.jpg,BH,BH2B06,Frog_242
20200322_204959_Beach_Boor06.jpg,BH,BH2B06,Frog_242
20200322_205213_Beach_LW03.jpg,BH,BH2L03,Frog_099
20200322_205220_Beach_LW03.jpg,BH,BH2L03,Frog_099
20200322_205224_Beach_LW03.jpg,BH,BH2L03,Frog_099
20200322_205234_Beach_LW03.jpg,BH,BH2L03,Frog_099
20200322_205248_Beach_LW03.jpg,BH,BH2L03,Frog_099
20200322_205250_Beach_LW03.jpg,BH,BH2L03,Frog_099
20200322_205256_Beach_LW03.jpg,BH,BH2L03,Frog_099
20200322_205507_Beach_Boor07.jpg,BH,BH2B07,Frog_212
20200322_205511_Beach_Boor07.jpg,BH,BH2B07,Frog_212
20200322_205517_Beach_Boor07.jpg,BH,BH2B07,Frog_212
20200322_205529_Beach_Boor07.jpg,BH,BH2B07,Frog_212
20200322_205539_Beach_Boor07.jpg,BH,BH2B07,Frog_212
20200322_205542_Beach_Boor07.jpg,BH,BH2B07,Frog_212
20200322_205549_Beach_Boor07.jpg,BH,BH2B07,Frog_212
20200322_210949_Beach_Boor08.jpg,BH,BH2B08,Frog_060
20200322_210956_Beach_Boor08.jpg,BH,BH2B08,Frog_060
20200322_211000_Beach_Boor08.jpg,BH,BH2B08,Frog_060
20200322_211011_Beach_Boor08.jpg,BH,BH2B08,Frog_060
20200322_211024_Beach_Boor08.jpg,BH,BH2B08,Frog_060
20200322_211028_Beach_Boor08.jpg,BH,BH2B08,Frog_060
20200322_211035_Beach_Boor08.jpg,BH,BH2B08,Frog_060
20200322_211338_Beach_Boor09.jpg,BH,BH2B09,Frog_204
20200322_211341_Beach_Boor09.jpg,BH,BH2B09,Frog_204
20200322_211351_Beach_Boor09.jpg,BH,BH2B09,Frog_204
20200322_211405_Beach_Boor09.jpg,BH,BH2B09,Frog_204
20200322_211411_Beach_Boor09.jpg,BH,BH2B09,Frog_204
20200322_211421_Beach_Boor09.jpg,BH,BH2B09,Frog_204
20200322_211441_Beach_Boor09.jpg,BH,BH2B09,Frog_204
20200322_212706_Beach_LW04.jpg,BH,BH2L04,Frog_245
20200322_212710_Beach_LW04.jpg,BH,BH2L04,Frog_245
20200322_212714_Beach_LW04.jpg,BH,BH2L04,Frog_245
20200322_212720_Beach_LW04.jpg,BH,BH2L04,Frog_245
20200322_212740_Beach_LW04.jpg,BH,BH2L04,Frog_245
20200322_212746_Beach_LW04.jpg,BH,BH2L04,Frog_245
20200322_212757_Beach_LW04.jpg,BH,BH2L04,Frog_245
20200322_213059_Beach_Boor10.jpg,BH,BH2B10,Frog_085
20200322_213103_Beach_Boor10.jpg,BH,BH2B10,Frog_085
20200322_213105_Beach_Boor10.jpg,BH,BH2B10,Frog_085
20200322_213115_Beach_Boor10.jpg,BH,BH2B10,Frog_085
20200322_213122_Beach_Boor10.jpg,BH,BH2B10,Frog_085
20200322_213136_Beach_Boor10.jpg,BH,BH2B10,Frog_085
20200322_213139_Beach_Boor10.jpg,BH,BH2B10,Frog_085
20200322_213152_Beach_Boor10.jpg,BH,BH2B10,Frog_085
20200322_214834_Beach_LW05.jpg,BH,BH2L05,Frog_071
20200322_214837_Beach_LW05.jpg,BH,BH2L05,Frog_071
20200322_214841_Beach_LW05.jpg,BH,BH2L05,Frog_071
20200322_214849_Beach_LW05.jpg,BH,BH2L05,Frog_071
20200322_214904_Beach_LW05.jpg,BH,BH2L05,Frog_071
20200322_214907_Beach_LW05.jpg,BH,BH2L05,Frog_071
20200322_214919_Beach_LW05.jpg,BH,BH2L05,Frog_071
20200322_215245_Beach_Boor11.jpg,BH,BH2B11,Frog_142
20200322_215252_Beach_Boor11.jpg,BH,BH2B11,Frog_142
20200322_215257_Beach_Boor11.jpg,BH,BH2B11,Frog_142
20200322_215302_Beach_Boor11.jpg,BH,BH2B11,Frog_142
20200322_215319_Beach_Boor11.jpg,BH,BH2B11,Frog_142
20200322_215323_Beach_Boor11.jpg,BH,BH2B11,Frog_142
20200322_215335_Beach_Boor11.jpg,BH,BH2B11,Frog_142
20200322_215543_Beach_Boor12.jpg,BH,BH2B12,Frog_054
20200322_215549_Beach_Boor12.jpg,BH,BH2B12,Frog_054
20200322_215559_Beach_Boor12.jpg,BH,BH2B12,Frog_054
20200322_215607_Beach_Boor12.jpg,BH,BH2B12,Frog_054
20200322_215617_Beach_Boor12.jpg,BH,BH2B12,Frog_054
20200322_215622_Beach_Boor12.jpg,BH,BH2B12,Frog_054
20200322_215629_Beach_Boor12.jpg,BH,BH2B12,Frog_054
20200322_215630_Beach_Boor12.jpg,BH,BH2B12,Frog_054
20200322_220902_Beach_Boor13.jpg,BH,BH2B13,Frog_231
20200322_220905_Beach_Boor13.jpg,BH,BH2B13,Frog_231
20200322_220907_Beach_Boor13.jpg,BH,BH2B13,Frog_231
20200322_220913_Beach_Boor13.jpg,BH,BH2B13,Frog_231
20200322_220924_Beach_Boor13.jpg,BH,BH2B13,Frog_231
20200322_220928_Beach_Boor13.jpg,BH,BH2B13,Frog_231
20200322_220938_Beach_Boor13.jpg,BH,BH2B13,Frog_231
20200322_220942_Beach_Boor13.jpg,BH,BH2B13,Frog_231
20200322_220954_Beach_Boor13.jpg,BH,BH2B13,Frog_231
20200322_221222_Beach_LW06.jpg,BH,BH2L06,Frog_035
20200322_221229_Beach_LW06.jpg,BH,BH2L06,Frog_035
20200322_221240_Beach_LW06.jpg,BH,BH2L06,Frog_035
20200322_221246_Beach_LW06.jpg,BH,BH2L06,Frog_035
20200322_221259_Beach_LW06.jpg,BH,BH2L06,Frog_035
20200322_221301_Beach_LW06.jpg,BH,BH2L06,Frog_035
20200322_221315_Beach_LW06.jpg,BH,BH2L06,Frog_035
20200322_222009_Beach_LW09.jpg,BH,BH2L09,Frog_206
20200322_222025_Beach_LW09.jpg,BH,BH2L09,Frog_206
20200322_222034_Beach_LW09.jpg,BH,BH2L09,Frog_206
20200322_222036_Beach_LW09.jpg,BH,BH2L09,Frog_206
20200322_222047_Beach_LW09.jpg,BH,BH2L09,Frog_206
20200322_222849_Beach_LW07.jpg,BH,BH2L07,Frog_009
20200322_222852_Beach_LW07.jpg,BH,BH2L07,Frog_009
20200322_222857_Beach_LW07.jpg,BH,BH2L07,Frog_009
20200322_222904_Beach_LW07.jpg,BH,BH2L07,Frog_009
20200322_222915_Beach_LW07.jpg,BH,BH2L07,Frog_009
20200322_222917_Beach_LW07.jpg,BH,BH2L07,Frog_009
20200322_222926_Beach_LW07.jpg,BH,BH2L07,Frog_009
20200322_223217_Beach_LW08.jpg,BH,BH2L08,Frog_162
20200322_223220_Beach_LW08.jpg,BH,BH2L08,Frog_162
20200322_223226_Beach_LW08.jpg,BH,BH2L08,Frog_162
20200322_223232_Beach_LW08.jpg,BH,BH2L08,Frog_162
20200322_223238_Beach_LW08.jpg,BH,BH2L08,Frog_162
20200322_223247_Beach_LW08.jpg,BH,BH2L08,Frog_162
20200322_223255_Beach_LW08.jpg,BH,BH2L08,Frog_162
20200322_223708_Beach_LW09.jpg,BH,BH2L09,Frog_206
20200322_223712_Beach_LW09.jpg,BH,BH2L09,Frog_206
20200322_223719_Beach_LW09.jpg,BH,BH2L09,Frog_206
20200322_223725_Beach_LW09.jpg,BH,BH2L09,Frog_206
20200322_223734_Beach_LW09.jpg,BH,BH2L09,Frog_206
20200322_223736_Beach_LW09.jpg,BH,BH2L09,Frog_206
20200322_223746_Beach_LW09.jpg,BH,BH2L09,Frog_206
20200322_224012_Beach_LW10.jpg,BH,BH2L10,Frog_039
20200322_224018_Beach_LW10.jpg,BH,BH2L10,Frog_039
20200322_224024_Beach_LW10.jpg,BH,BH2L10,Frog_039
20200322_224030_Beach_LW10.jpg,BH,BH2L10,Frog_039
20200322_224041_Beach_LW10.jpg,BH,BH2L10,Frog_039
20200322_224043_Beach_LW10.jpg,BH,BH2L10,Frog_039
20200322_224050_Beach_LW10.jpg,BH,BH2L10,Frog_039
20200322_225937_Beach_Boor14.jpg,BH,BH2B14,Frog_164
20200322_225940_Beach_Boor14.jpg,BH,BH2B14,Frog_164
20200322_225944_Beach_Boor14.jpg,BH,BH2B14,Frog_164
20200322_230007_Beach_Boor14.jpg,BH,BH2B14,Frog_164
20200322_230013_Beach_Boor14.jpg,BH,BH2B14,Frog_164
20200322_230015_Beach_Boor14.jpg,BH,BH2B14,Frog_164
20200322_230018_Beach_Boor14.jpg,BH,BH2B14,Frog_164
20200322_230023_Beach_Boor14.jpg,BH,BH2B14,Frog_164
20200322_230032_Beach_Boor14.jpg,BH,BH2B14,Frog_164
20200322_230237_Beach_Boor15.jpg,BH,BH2B15,Frog_144
20200322_230240_Beach_Boor15.jpg,BH,BH2B15,Frog_144
20200322_230246_Beach_Boor15.jpg,BH,BH2B15,Frog_144
20200322_230256_Beach_Boor15.jpg,BH,BH2B15,Frog_144
20200322_230304_Beach_Boor15.jpg,BH,BH2B15,Frog_144
20200322_230308_Beach_Boor15.jpg,BH,BH2B15,Frog_144
20200322_230319_Beach_Boor15.jpg,BH,BH2B15,Frog_144
20200322_231710_Beach_Boor19.jpg,BH,BH2B19,Frog_217
20200322_231715_Beach_Boor19.jpg,BH,BH2B19,Frog_217
20200322_231729_Beach_Boor19.jpg,BH,BH2B19,Frog_217
20200322_231733_Beach_Boor19.jpg,BH,BH2B19,Frog_217
20200322_231738_Beach_Boor19.jpg,BH,BH2B19,Frog_217
20200322_233146_Beach_LW11.jpg,BH,BH2L11,Frog_098
20200322_233148_Beach_LW11.jpg,BH,BH2L11,Frog_098
20200322_233153_Beach_LW11.jpg,BH,BH2L11,Frog_098
20200322_233158_Beach_LW11.jpg,BH,BH2L11,Frog_098
20200322_233206_Beach_LW11.jpg,BH,BH2L11,Frog_098
20200322_233208_Beach_LW11.jpg,BH,BH2L11,Frog_098
20200322_233214_Beach_LW11.jpg,BH,BH2L11,Frog_098
20200322_234219_Beach_LW12.jpg,BH,BH2L12,Frog_116
20200322_234221_Beach_LW12.jpg,BH,BH2L12,Frog_116
20200322_234223_Beach_LW12.jpg,BH,BH2L12,Frog_116
20200322_234224_Beach_LW12.jpg,BH,BH2L12,Frog_116
20200322_234228_Beach_LW12.jpg,BH,BH2L12,Frog_116
20200322_234237_Beach_LW12.jpg,BH,BH2L12,Frog_116
20200322_234241_Beach_LW12.jpg,BH,BH2L12,Frog_116
20200322_234247_Beach_LW12.jpg,BH,BH2L12,Frog_116
20200322_235819_Beach_LW13.jpg,BH,BH2L13,Frog_240
20200322_235826_Beach_LW13.jpg,BH,BH2L13,Frog_240
20200322_235831_Beach_LW13.jpg,BH,BH2L13,Frog_240
20200322_235845_Beach_LW13.jpg,BH,BH2L13,Frog_240
20200322_235852_Beach_LW13.jpg,BH,BH2L13,Frog_240
20200322_235855_Beach_LW13.jpg,BH,BH2L13,Frog_240
20200322_235859_Beach_LW13.jpg,BH,BH2L13,Frog_240
20200323_001442_Beach_LW14.jpg,BH,BH2L14,Frog_188
20200323_001445_Beach_LW14.jpg,BH,BH2L14,Frog_188
20200323_001449_Beach_LW14.jpg,BH,BH2L14,Frog_188
20200323_001455_Beach_LW14.jpg,BH,BH2L14,Frog_188
20200323_001515_Beach_LW14.jpg,BH,BH2L14,Frog_188
20200323_001519_Beach_LW14.jpg,BH,BH2L14,Frog_188
20200323_001530_Beach_LW14.jpg,BH,BH2L14,Frog_188
20200323_001831_Beach_LW15.jpg,BH,BH2L15,Frog_233
20200323_001835_Beach_LW15.jpg,BH,BH2L15,Frog_233
20200323_001846_Beach_LW15.jpg,BH,BH2L15,Frog_233
20200323_001852_Beach_LW15.jpg,BH,BH2L15,Frog_233
20200323_001904_Beach_LW15.jpg,BH,BH2L15,Frog_233
20200323_001906_Beach_LW15.jpg,BH,BH2L15,Frog_233
20200323_001911_Beach_LW15.jpg,BH,BH2L15,Frog_233
20200323_002145_Beach_LW16.jpg,BH,BH2L16,Frog_147
20200323_002147_Beach_LW16.jpg,BH,BH2L16,Frog_147
20200323_002150_Beach_LW16.jpg,BH,BH2L16,Frog_147
20200323_002154_Beach_LW16.jpg,BH,BH2L16,Frog_147
20200323_002203_Beach_LW16.jpg,BH,BH2L16,Frog_147
20200323_002207_Beach_LW16.jpg,BH,BH2L16,Frog_147
20200323_002209_Beach_LW16.jpg,BH,BH2L16,Frog_147
20200323_002217_Beach_LW16.jpg,BH,BH2L16,Frog_147
20200323_003316_Beach_LW17.jpg,BH,BH2L17,Frog_208
20200323_003318_Beach_LW17.jpg,BH,BH2L17,Frog_208
20200323_003321_Beach_LW17.jpg,BH,BH2L17,Frog_208
20200323_003325_Beach_LW17.jpg,BH,BH2L17,Frog_208
20200323_003333_Beach_LW17.jpg,BH,BH2L17,Frog_208
20200323_003335_Beach_LW17.jpg,BH,BH2L17,Frog_208
20200323_003339_Beach_LW17.jpg,BH,BH2L17,Frog_208
20200323_004650_Boor26.jpg,BH,BH2B26,Frog_192
20200323_004655_Boor26.jpg,BH,BH2B26,Frog_192
20200323_004659_Boor26.jpg,BH,BH2B26,Frog_192
20200323_004705_Boor26.jpg,BH,BH2B26,Frog_192
20200323_004712_Boor26.jpg,BH,BH2B26,Frog_192
20200323_004715_Boor26.jpg,BH,BH2B26,Frog_192
20200323_004722_Boor26.jpg,BH,BH2B26,Frog_192
20201005_205002_Bummaroo_Boor01.jpg,BM,BM3B01,Frog_209
20201005_205018_Bummaroo_Boor01.jpg,BM,BM3B01,Frog_209
20201005_205034_Bummaroo_Boor01.jpg,BM,BM3B01,Frog_209
20201005_205049_Bummaroo_Boor01.jpg,BM,BM3B01,Frog_209
20201005_205221_Bummaroo_Boor01.jpg,BM,BM3B01,Frog_209
20201005_210421_Bummaroo_LW01.jpg,BM,BM3L01,Frog_058
20201005_210428_Bummaroo_LW01.jpg,BM,BM3L01,Frog_058
20201005_210444_Bummaroo_LW01.jpg,BM,BM3L01,Frog_058
20201005_210544_Bummaroo_LW01.jpg,BM,BM3L01,Frog_058
20201005_210600_Bummaroo_LW01.jpg,BM,BM3L01,Frog_058
20201005_212509_Bummaroo_LW02.jpg,BM,BM3L02,Frog_255
20201005_212512_Bummaroo_LW02.jpg,BM,BM3L02,Frog_255
20201005_212516_Bummaroo_LW02.jpg,BM,BM3L02,Frog_255
20201005_212518_Bummaroo_LW02.jpg,BM,BM3L02,Frog_255
20201005_212523_Bummaroo_LW02.jpg,BM,BM3L02,Frog_255
20201005_212537_Bummaroo_LW02.jpg,BM,BM3L02,Frog_255
20201005_212602_Bummaroo_LW02.jpg,BM,BM3L02,Frog_255
20201005_213724_Bummaroo_LW03.jpg,BM,BM3L03,Frog_184
20201005_213728_Bummaroo_LW03.jpg,BM,BM3L03,Frog_184
20201005_213743_Bummaroo_LW03.jpg,BM,BM3L03,Frog_184
20201005_213800_Bummaroo_LW03.jpg,BM,BM3L03,Frog_184
20201005_213814_Bummaroo_LW03.jpg,BM,BM3L03,Frog_184
20201005_214221_Bummaroo_LW05.jpg,BM,BM3L05,Frog_134
20201005_214228_Bummaroo_LW05.jpg,BM,BM3L05,Frog_134
20201005_214235_Bummaroo_LW05.jpg,BM,BM3L05,Frog_134
20201005_214250_Bummaroo_LW05.jpg,BM,BM3L05,Frog_134
20201005_214301_Bummaroo_LW05.jpg,BM,BM3L05,Frog_134
20201005_214830_Bummaroo_LW04.jpg,BM,BM3L04,Frog_210
20201005_214849_Bummaroo_LW04.jpg,BM,BM3L04,Frog_210
20201005_214857_Bummaroo_LW04.jpg,BM,BM3L04,Frog_210
20201005_214931_Bummaroo_LW04.jpg,BM,BM3L04,Frog_210
20201005_214938_Bummaroo_LW04.jpg,BM,BM3L04,Frog_210
20201005_215047_Bummaroo_LW04.jpg,BM,BM3L04,Frog_210
20201005_221725_Bummaroo_LW06.jpg,BM,BM3L06,Frog_199
20201005_221733_Bummaroo_LW06.jpg,BM,BM3L06,Frog_199
20201005_221747_Bummaroo_LW06.jpg,BM,BM3L06,Frog_199
20201005_221753_Bummaroo_LW06.jpg,BM,BM3L06,Frog_199
20201005_221815_Bummaroo_LW06.jpg,BM,BM3L06,Frog_199
20201005_221859_Bummaroo_LW06.jpg,BM,BM3L06,Frog_199
20201005_221936_Bummaroo_LW06.jpg,BM,BM3L06,Frog_199
20201005_221943_Bummaroo_LW06.jpg,BM,BM3L06,Frog_199
20201005_230000_Bummaroo_LW07.jpg,BM,BM3L07,Frog_080
20201005_230011_Bummaroo_LW07.jpg,BM,BM3L07,Frog_080
20201005_230018_Bummaroo_LW07.jpg,BM,BM3L07,Frog_080
20201005_230039_Bummaroo_LW07.jpg,BM,BM3L07,Frog_080
20201005_230125_Bummaroo_LW07.jpg,BM,BM3L07,Frog_080
20201005_230142_Bummaroo_LW07.jpg,BM,BM3L07,Frog_080
20201005_230144_Bummaroo_LW07.jpg,BM,BM3L07,Frog_080
20201005_230902_Bummaroo_LW08.jpg,BM,BM3L08,Frog_163
20201005_230906_Bummaroo_LW08.jpg,BM,BM3L08,Frog_163
20201005_230912_Bummaroo_LW08.jpg,BM,BM3L08,Frog_163
20201005_230920_Bummaroo_LW08.jpg,BM,BM3L08,Frog_163
20201005_230933_Bummaroo_LW08.jpg,BM,BM3L08,Frog_163
20201005_231437_Bummaroo_LW09.jpg,BM,BM3L09,Frog_053
20201005_231448_Bummaroo_LW09.jpg,BM,BM3L09,Frog_053
20201005_231455_Bummaroo_LW09.jpg,BM,BM3L09,Frog_053
20201005_231512_Bummaroo_LW09.jpg,BM,BM3L09,Frog_053
20201005_231527_Bummaroo_LW09.jpg,BM,BM3L09,Frog_053
20201005_232054_Bummaroo_LW10.jpg,BM,BM3L10,Frog_101
20201005_232100_Bummaroo_LW10.jpg,BM,BM3L10,Frog_101
20201005_232108_Bummaroo_LW10.jpg,BM,BM3L10,Frog_101
20201005_232118_Bummaroo_LW10.jpg,BM,BM3L10,Frog_101
20201005_232133_Bummaroo_LW10.jpg,BM,BM3L10,Frog_101
20201005_232535_Bummaroo_LW11.jpg,BM,BM3L11,Frog_185
20201005_232545_Bummaroo_LW11.jpg,BM,BM3L11,Frog_185
20201005_232553_Bummaroo_LW11.jpg,BM,BM3L11,Frog_185
20201005_232602_Bummaroo_LW11.jpg,BM,BM3L11,Frog_185
20201005_232615_Bummaroo_LW11.jpg,BM,BM3L11,Frog_185
20201005_234631_Bummaroo_LW12.jpg,BM,BM3L12,Frog_119
20201005_234640_Bummaroo_LW12.jpg,BM,BM3L12,Frog_119
20201005_234646_Bummaroo_LW12.jpg,BM,BM3L12,Frog_119
20201005_234654_Bummaroo_LW12.jpg,BM,BM3L12,Frog_119
20201005_234713_Bummaroo_LW12.jpg,BM,BM3L12,Frog_119
20201006_000101_Bummaroo_LW13.jpg,BM,BM3L13,Frog_173
20201006_000110_Bummaroo_LW13.jpg,BM,BM3L13,Frog_173
20201006_000118_Bummaroo_LW13.jpg,BM,BM3L13,Frog_173
20201006_000127_Bummaroo_LW13.jpg,BM,BM3L13,Frog_173
20201006_000139_Bummaroo_LW13.jpg,BM,BM3L13,Frog_173
20201006_000214_Bummaroo_LW13.jpg,BM,BM3L13,Frog_173
20201006_001055_Bummaroo_LW14.jpg,BM,BM3L14,Frog_126
20201006_001122_Bummaroo_LW14.jpg,BM,BM3L14,Frog_126
20201006_001143_Bummaroo_LW14.jpg,BM,BM3L14,Frog_126
20201006_001149_Bummaroo_LW14.jpg,BM,BM3L14,Frog_126
20201006_001201_Bummaroo_LW14.jpg,BM,BM3L14,Frog_126
20201006_194038_Sink_LW01.jpg,SK,SK3L01,Frog_113
20201006_194049_Sink_LW01.jpg,SK,SK3L01,Frog_113
20201006_194116_Sink_LW01.jpg,SK,SK3L01,Frog_113
20201006_194140_Sink_LW01.jpg,SK,SK3L01,Frog_113
20201006_194159_Sink_LW01.jpg,SK,SK3L01,Frog_113
20201006_202650_Sink_LW02-Boor01.jpg,SK,SK3L02-B01,Frog_115
20201006_202726_Sink_LW02-Boor01.jpg,SK,SK3L02-B01,Frog_115
20201006_202736_Sink_LW02-Boor01.jpg,SK,SK3L02-B01,Frog_115
20201006_202751_Sink_LW02-Boor01.jpg,SK,SK3L02-B01,Frog_115
20201006_202759_Sink_LW02-Boor01.jpg,SK,SK3L02-B01,Frog_115
20201006_202807_Sink_LW02-Boor01.jpg,SK,SK3L02-B01,Frog_115
20201006_204428_Sink_Boor02.jpg,SK,SK3B02,Frog_079
20201006_204438_Sink_Boor02.jpg,SK,SK3B02,Frog_079
20201006_204449_Sink_Boor02.jpg,SK,SK3B02,Frog_079
20201006_204503_Sink_Boor02.jpg,SK,SK3B02,Frog_079
20201006_204509_Sink_Boor02.jpg,SK,SK3B02,Frog_079
20201006_210319_Sink_Boor03.jpg,SK,SK3B03,Frog_148
20201006_210332_Sink_Boor03.jpg,SK,SK3B03,Frog_148
20201006_210350_Sink_Boor03.jpg,SK,SK3B03,Frog_148
20201006_210413_Sink_Boor03.jpg,SK,SK3B03,Frog_148
20201006_210418_Sink_Boor03.jpg,SK,SK3B03,Frog_148
20201006_210434_Sink_Boor03.jpg,SK,SK3B03,Frog_148
20201006_211413_Sink_Boor04.jpg,SK,SK3B04,Frog_213
20201006_211421_Sink_Boor04.jpg,SK,SK3B04,Frog_213
20201006_211427_Sink_Boor04.jpg,SK,SK3B04,Frog_213
20201006_211431_Sink_Boor04.jpg,SK,SK3B04,Frog_213
20201006_211806_Sink_Boor04.jpg,SK,SK3B04,Frog_213
20201006_214245_Sink_Boor05.jpg,SK,SK3B05,Frog_025
20201006_214257_Sink_Boor05.jpg,SK,SK3B05,Frog_025
20201006_214339_Sink_Boor05.jpg,SK,SK3B05,Frog_025
20201006_214357_Sink_Boor05.jpg,SK,SK3B05,Frog_025
20201006_214411_Sink_Boor05.jpg,SK,SK3B05,Frog_025
20201006_214413_Sink_Boor05.jpg,SK,SK3B05,Frog_025
20201006_215138_Sink_Boor06.jpg,SK,SK3B06,Frog_087
20201006_215159_Sink_Boor06.jpg,SK,SK3B06,Frog_087
20201006_215205_Sink_Boor06.jpg,SK,SK3B06,Frog_087
20201006_215210_Sink_Boor06.jpg,SK,SK3B06,Frog_087
20201006_215218_Sink_Boor06.jpg,SK,SK3B06,Frog_087
20201006_215656_Sink_Boor07.jpg,SK,SK3B07,Frog_030
20201006_215712_Sink_Boor07.jpg,SK,SK3B07,Frog_030
20201006_215719_Sink_Boor07.jpg,SK,SK3B07,Frog_030
20201006_215730_Sink_Boor07.jpg,SK,SK3B07,Frog_030
20201006_215758_Sink_Boor07.jpg,SK,SK3B07,Frog_030
20201006_220215_Sink_Boor09.jpg,SK,SK3B09,Frog_232
20201006_220217_Sink_Boor09.jpg,SK,SK3B09,Frog_232
20201006_220224_Sink_Boor09.jpg,SK,SK3B09,Frog_232
20201006_220235_Sink_Boor09.jpg,SK,SK3B09,Frog_232
20201006_220248_Sink_Boor09.jpg,SK,SK3B09,Frog_232
20201006_220255_Sink_Boor09.jpg,SK,SK3B09,Frog_232
20201006_220525_Sink_Boor08.jpg,SK,SK3B08,Frog_226
20201006_220530_Sink_Boor08.jpg,SK,SK3B08,Frog_226
20201006_220535_Sink_Boor08.jpg,SK,SK3B08,Frog_226
20201006_220548_Sink_Boor08.jpg,SK,SK3B08,Frog_226
20201006_220802_Sink_Boor08.jpg,SK,SK3B08,Frog_226
20201006_220924_Sink_Boor10.jpg,SK,SK3B10,Frog_139
20201006_220959_Sink_Boor10.jpg,SK,SK3B10,Frog_139
20201006_221005_Sink_Boor10.jpg,SK,SK3B10,Frog_139
20201006_221017_Sink_Boor10.jpg,SK,SK3B10,Frog_139
20201006_221024_Sink_Boor10.jpg,SK,SK3B10,Frog_139
20201006_221032_Sink_Boor10.jpg,SK,SK3B10,Frog_139
20201006_225852_Sink_LW02.jpg,SK,SK3L02,Frog_069
20201006_225854_Sink_LW02.jpg,SK,SK3L02,Frog_069
20201006_225903_Sink_LW02.jpg,SK,SK3L02,Frog_069
20201006_225911_Sink_LW02.jpg,SK,SK3L02,Frog_069
20201006_225935_Sink_LW02.jpg,SK,SK3L02,Frog_069
20201006_225945_Sink_LW02.jpg,SK,SK3L02,Frog_069
20201006_230132_Sink_LW02.jpg,SK,SK3L02,Frog_069
20201006_230136_Sink_LW02.jpg,SK,SK3L02,Frog_069
20201006_230154_Sink_LW02.jpg,SK,SK3L02,Frog_069
20201006_230208_Sink_LW02.jpg,SK,SK3L02,Frog_069
20201006_231056_Sink_LW03.jpg,SK,SK3L03,Frog_033
20201006_231111_Sink_LW03.jpg,SK,SK3L03,Frog_033
20201006_231126_Sink_LW03.jpg,SK,SK3L03,Frog_033
20201006_231236_Sink_LW03.jpg,SK,SK3L03,Frog_033
20201006_231254_Sink_LW03.jpg,SK,SK3L03,Frog_033
20201006_231302_Sink_LW03.jpg,SK,SK3L03,Frog_033
20201006_231309_Sink_LW03.jpg,SK,SK3L03,Frog_033
20201006_235320_Sink_Boor12.jpg,SK,SK3B12,Frog_083
20201006_235335_Sink_Boor12.jpg,SK,SK3B12,Frog_083
20201006_235343_Sink_Boor12.jpg,SK,SK3B12,Frog_083
20201006_235351_Sink_Boor12.jpg,SK,SK3B12,Frog_083
20201006_235418_Sink_Boor12.jpg,SK,SK3B12,Frog_083
20201006_235648_Sink_Boor11.jpg,SK,SK3B11,Frog_248
20201006_235656_Sink_Boor11.jpg,SK,SK3B11,Frog_248
20201006_235710_Sink_Boor11.jpg,SK,SK3B11,Frog_248
20201006_235727_Sink_Boor11.jpg,SK,SK3B11,Frog_248
20201006_235751_Sink_Boor11.jpg,SK,SK3B11,Frog_248
20201007_001738_Sink_Boor13.jpg,SK,SK3B13,Frog_048
20201007_001811_Sink_Boor13.jpg,SK,SK3B13,Frog_048
20201007_001817_Sink_Boor13.jpg,SK,SK3B13,Frog_048
20201007_001820_Sink_Boor13.jpg,SK,SK3B13,Frog_048
20201007_001825_Sink_Boor13.jpg,SK,SK3B13,Frog_048
20201007_001839_Sink_Boor13.jpg,SK,SK3B13,Frog_048
20201007_001841_Sink_Boor13.jpg,SK,SK3B13,Frog_048
20201007_002052_Sink_Boor15.jpg,SK,SK3B15,Frog_221
20201007_002055_Sink_Boor15.jpg,SK,SK3B15,Frog_221
20201007_002104_Sink_Boor15.jpg,SK,SK3B15,Frog_221
20201007_002135_Sink_Boor15.jpg,SK,SK3B15,Frog_221
20201007_002146_Sink_Boor15.jpg,SK,SK3B15,Frog_221
20201007_002155_Sink_Boor15.jpg,SK,SK3B15,Frog_221
20201007_002411_Sink_Boor14.jpg,SK,SK3B14,Frog_159
20201007_002414_Sink_Boor14.jpg,SK,SK3B14,Frog_159
20201007_002424_Sink_Boor14.jpg,SK,SK3B14,Frog_159
20201007_002447_Sink_Boor14.jpg,SK,SK3B14,Frog_159
20201007_002455_Sink_Boor14.jpg,SK,SK3B14,Frog_159
20201007_005522_Sink_LW04.jpg,SK,SK3L04,Frog_041
20201007_005630_Sink_LW04.jpg,SK,SK3L04,Frog_041
20201007_005645_Sink_LW04.jpg,SK,SK3L04,Frog_041
20201007_005653_Sink_LW04.jpg,SK,SK3L04,Frog_041
20201007_005658_Sink_LW04.jpg,SK,SK3L04,Frog_041
20201007_005710_Sink_LW04.jpg,SK,SK3L04,Frog_041
20201007_005711_Sink_LW04.jpg,SK,SK3L04,Frog_041
20201007_005714_Sink_LW04.jpg,SK,SK3L04,Frog_041
20201007_010126_Sink_Boor18.jpg,SK,SK3B18,Frog_214
20201007_010138_Sink_Boor18.jpg,SK,SK3B18,Frog_214
20201007_010148_Sink_Boor18.jpg,SK,SK3B18,Frog_214
20201007_010329_Sink_Boor18.jpg,SK,SK3B18,Frog_214
20201007_010332_Sink_Boor18.jpg,SK,SK3B18,Frog_214
20201007_010338_Sink_Boor18.jpg,SK,SK3B18,Frog_214
20201007_010347_Sink_Boor18.jpg,SK,SK3B18,Frog_214
20201007_011445_Sink_Boor18.jpg,SK,SK3B18,Frog_214
20201007_011449_Sink_Boor18.jpg,SK,SK3B18,Frog_214
20201007_011502_Sink_Boor18.jpg,SK,SK3B18,Frog_214
20201007_011527_Sink_Boor18.jpg,SK,SK3B18,Frog_214
20201007_011530_Sink_Boor18.jpg,SK,SK3B18,Frog_214
20201007_011601_Sink_Boor18.jpg,SK,SK3B18,Frog_214
20201007_195248_Glen_Boor01.jpg,GN,GN3B01,Frog_178
20201007_195256_Glen_Boor01.jpg,GN,GN3B01,Frog_178
20201007_195304_Glen_Boor01.jpg,GN,GN3B01,Frog_178
20201007_195309_Glen_Boor01.jpg,GN,GN3B01,Frog_178
20201007_195331_Glen_Boor01.jpg,GN,GN3B01,Frog_178
20201007_195350_Glen_Boor01.jpg,GN,GN3B01,Frog_178
20201007_195356_Glen_Boor01.jpg,GN,GN3B01,Frog_178
20201007_195658_Glen_Boor02.jpg,GN,GN3B02,Frog_004
20201007_195700_Glen_Boor02.jpg,GN,GN3B02,Frog_004
20201007_195704_Glen_Boor02.jpg,GN,GN3B02,Frog_004
20201007_195724_Glen_Boor02.jpg,GN,GN3B02,Frog_004
20201007_195752_Glen_Boor02.jpg,GN,GN3B02,Frog_004
20201007_195803_Glen_Boor02.jpg,GN,GN3B02,Frog_004
20201007_195812_Glen_Boor02.jpg,GN,GN3B02,Frog_004
20201007_195818_Glen_Boor02.jpg,GN,GN3B02,Frog_004
20201007_201041_Glen_Boor03.jpg,GN,GN3B03,Frog_015
20201007_201048_Glen_Boor03.jpg,GN,GN3B03,Frog_015
20201007_201050_Glen_Boor03.jpg,GN,GN3B03,Frog_015
20201007_201105_Glen_Boor03.jpg,GN,GN3B03,Frog_015
20201007_201129_Glen_Boor03.jpg,GN,GN3B03,Frog_015
20201007_201136_Glen_Boor03.jpg,GN,GN3B03,Frog_015
20201007_202227_Glen_Boor04.jpg,GN,GN3B04,Frog_023
20201007_202240_Glen_Boor04.jpg,GN,GN3B04,Frog_023
20201007_202250_Glen_Boor04.jpg,GN,GN3B04,Frog_023
20201007_202300_Glen_Boor04.jpg,GN,GN3B04,Frog_023
20201007_202307_Glen_Boor04.jpg,GN,GN3B04,Frog_023
20201007_211822_Glen_LW01.jpg,GN,GN3L01,Frog_084
20201007_211831_Glen_LW01.jpg,GN,GN3L01,Frog_084
20201007_211839_Glen_LW01.jpg,GN,GN3L01,Frog_084
20201007_211851_Glen_LW01.jpg,GN,GN3L01,Frog_084
20201007_211910_Glen_LW01.jpg,GN,GN3L01,Frog_084
20201007_214113_Glen_LW02.jpg,GN,GN3L02,Frog_020
20201007_214341_Glen_LW02.jpg,GN,GN3L02,Frog_020
20201007_214348_Glen_LW02.jpg,GN,GN3L02,Frog_020
20201007_214359_Glen_LW02.jpg,GN,GN3L02,Frog_020
20201007_214407_Glen_LW02.jpg,GN,GN3L02,Frog_020
20201007_214414_Glen_LW02.jpg,GN,GN3L02,Frog_020
20201007_220628_Glen_Boor05.jpg,GN,GN3B05,Frog_166
20201007_220636_Glen_Boor05.jpg,GN,GN3B05,Frog_166
20201007_220652_Glen_Boor05.jpg,GN,GN3B05,Frog_166
20201007_220714_Glen_Boor05.jpg,GN,GN3B05,Frog_166
20201007_220721_Glen_Boor05.jpg,GN,GN3B05,Frog_166
20201007_220722_Glen_Boor05.jpg,GN,GN3B05,Frog_166
20201008_203504_Beach_LW01.jpg,BH,BH3L01,Frog_018
20201008_203513_Beach_LW01.jpg,BH,BH3L01,Frog_018
20201008_203518_Beach_LW01.jpg,BH,BH3L01,Frog_018
20201008_203523_Beach_LW01.jpg,BH,BH3L01,Frog_018
20201008_203537_Beach_LW01.jpg,BH,BH3L01,Frog_018
20201008_203540_Beach_LW01.jpg,BH,BH3L01,Frog_018
20201008_204344_Beach_Boor01.jpg,BH,BH3B01,Frog_082
20201008_204354_Beach_Boor01.jpg,BH,BH3B01,Frog_082
20201008_204409_Beach_Boor01.jpg,BH,BH3B01,Frog_082
20201008_204420_Beach_Boor01.jpg,BH,BH3B01,Frog_082
20201008_204428_Beach_Boor01.jpg,BH,BH3B01,Frog_082
20201008_222607_Beach_Boor02.jpg,BH,BH3B02,Frog_002
20201008_222612_Beach_Boor02.jpg,BH,BH3B02,Frog_002
20201008_222621_Beach_Boor02.jpg,BH,BH3B02,Frog_002
20201008_222627_Beach_Boor02.jpg,BH,BH3B02,Frog_002
20201008_222645_Beach_Boor02.jpg,BH,BH3B02,Frog_002
20201009_202736_Silent_Boor01.jpg,SC,SC3B01,Frog_106
20201009_202745_Silent_Boor01.jpg,SC,SC3B01,Frog_106
20201009_202754_Silent_Boor01.jpg,SC,SC3B01,Frog_106
20201009_202801_Silent_Boor01.jpg,SC,SC3B01,Frog_106
20201009_205957_Silent_Boor02.jpg,SC,SC3B02,Frog_230
20201009_210004_Silent_Boor02.jpg,SC,SC3B02,Frog_230
20201009_210011_Silent_Boor02.jpg,SC,SC3B02,Frog_230
20201009_210019_Silent_Boor02.jpg,SC,SC3B02,Frog_230
20201009_210026_Silent_Boor02.jpg,SC,SC3B02,Frog_230
20201009_210030_Silent_Boor02.jpg,SC,SC3B02,Frog_230
20201011_200305_Fish_Boor01.jpg,FH,FH3B01,Frog_243
20201011_200321_Fish_Boor01.jpg,FH,FH3B01,Frog_243
20201011_200329_Fish_Boor01.jpg,FH,FH3B01,Frog_243
20201011_200342_Fish_Boor01.jpg,FH,FH3B01,Frog_243
20201011_200350_Fish_Boor01.jpg,FH,FH3B01,Frog_243
20201011_201840_Fish_Boor02.jpg,FH,FH3B02,Frog_170
20201011_201853_Fish_Boor02.jpg,FH,FH3B02,Frog_170
20201011_201858_Fish_Boor02.jpg,FH,FH3B02,Frog_170
20201011_201916_Fish_Boor02.jpg,FH,FH3B02,Frog_170
20201011_201922_Fish_Boor02.jpg,FH,FH3B02,Frog_170
20201011_215656_Fish_Boor03.jpg,FH,FH3B03,Frog_092
20201011_215701_Fish_Boor03.jpg,FH,FH3B03,Frog_092
20201011_215704_Fish_Boor03.jpg,FH,FH3B03,Frog_092
20201011_215721_Fish_Boor03.jpg,FH,FH3B03,Frog_092
20201011_215740_Fish_Boor03.jpg,FH,FH3B03,Frog_092
20201011_215743_Fish_Boor03.jpg,FH,FH3B03,Frog_092
20201011_215748_Fish_Boor03.jpg,FH,FH3B03,Frog_092
20201011_215750_Fish_Boor03.jpg,FH,FH3B03,Frog_092
20201011_221303_Fish_Boor04.jpg,FH,FH3B04,Frog_117
20201011_221317_Fish_Boor04.jpg,FH,FH3B04,Frog_117
20201011_221325_Fish_Boor04.jpg,FH,FH3B04,Frog_117
20201011_221346_Fish_Boor04.jpg,FH,FH3B04,Frog_117
20201011_221348_Fish_Boor04.jpg,FH,FH3B04,Frog_117
20201011_221400_Fish_Boor04.jpg,FH,FH3B04,Frog_117
20201011_223200_Fish_Boor07.jpg,FH,FH3B07,Frog_065
20201011_223207_Fish_Boor07.jpg,FH,FH3B07,Frog_065
20201011_223223_Fish_Boor07.jpg,FH,FH3B07,Frog_065
20201011_223224_Fish_Boor07.jpg,FH,FH3B07,Frog_065
20201011_223225_Fish_Boor07.jpg,FH,FH3B07,Frog_065
20201011_223245_Fish_Boor07.jpg,FH,FH3B07,Frog_065
20201011_223305_Fish_Boor07.jpg,FH,FH3B07,Frog_065
20201011_223428_Fish_Boor06.jpg,FH,FH3B06,Frog_057
20201011_223448_Fish_Boor06.jpg,FH,FH3B06,Frog_057
20201011_223450_Fish_Boor06.jpg,FH,FH3B06,Frog_057
20201011_223458_Fish_Boor06.jpg,FH,FH3B06,Frog_057
20201011_223530_Fish_Boor06.jpg,FH,FH3B06,Frog_057
20201011_223531_Fish_Boor06.jpg,FH,FH3B06,Frog_057
20201011_223538_Fish_Boor06.jpg,FH,FH3B06,Frog_057
20201011_223912_Fish_Boor05.jpg,FH,FH3B05,Frog_066
20201011_223916_Fish_Boor05.jpg,FH,FH3B05,Frog_066
20201011_223938_Fish_Boor05.jpg,FH,FH3B05,Frog_066
20201011_223940_Fish_Boor05.jpg,FH,FH3B05,Frog_066
20201011_223958_Fish_Boor05.jpg,FH,FH3B05,Frog_066
20201011_224007_Fish_Boor05.jpg,FH,FH3B05,Frog_066
20201011_225206_Fish_Boor08.jpg,FH,FH3B08,Frog_186
20201011_225214_Fish_Boor08.jpg,FH,FH3B08,Frog_186
20201011_225223_Fish_Boor08.jpg,FH,FH3B08,Frog_186
20201011_225232_Fish_Boor08.jpg,FH,FH3B08,Frog_186
20201011_225251_Fish_Boor08.jpg,FH,FH3B08,Frog_186
20201011_230247_Fish_Boor09.jpg,FH,FH3B09,Frog_189
20201011_230306_Fish_Boor09.jpg,FH,FH3B09,Frog_189
20201011_230315_Fish_Boor09.jpg,FH,FH3B09,Frog_189
20201011_230331_Fish_Boor09.jpg,FH,FH3B09,Frog_189
20201011_230341_Fish_Boor09.jpg,FH,FH3B09,Frog_189
20201011_230943_Fish_Boor10.jpg,FH,FH3B10,Frog_045
20201011_230951_Fish_Boor10.jpg,FH,FH3B10,Frog_045
20201011_230957_Fish_Boor10.jpg,FH,FH3B10,Frog_045
20201011_231005_Fish_Boor10.jpg,FH,FH3B10,Frog_045
20201011_231017_Fish_Boor10.jpg,FH,FH3B10,Frog_045
20201011_232908_Fish_Boor11.jpg,FH,FH3B11,Frog_203
20201011_232923_Fish_Boor11.jpg,FH,FH3B11,Frog_203
20201011_232928_Fish_Boor11.jpg,FH,FH3B11,Frog_203
20201011_233045_Fish_Boor11.jpg,FH,FH3B11,Frog_203
20201011_233052_Fish_Boor11.jpg,FH,FH3B11,Frog_203
20201011_235250_Fish_Boor12.jpg,FH,FH3B12,Frog_007
20201011_235254_Fish_Boor12.jpg,FH,FH3B12,Frog_007
20201011_235258_Fish_Boor12.jpg,FH,FH3B12,Frog_007
20201011_235306_Fish_Boor12.jpg,FH,FH3B12,Frog_007
20201011_235327_Fish_Boor12.jpg,FH,FH3B12,Frog_007
20201011_235612_Fish_Boor17.jpg,FH,FH3B17,Frog_120
20201011_235711_Fish_Boor17.jpg,FH,FH3B17,Frog_120
20201011_235716_Fish_Boor17.jpg,FH,FH3B17,Frog_120
20201011_235721_Fish_Boor17.jpg,FH,FH3B17,Frog_120
20201011_235737_Fish_Boor17.jpg,FH,FH3B17,Frog_120
20201012_000059_Fish_Boor15.jpg,FH,FH3B15,Frog_047
20201012_000244_Fish_Boor15.jpg,FH,FH3B15,Frog_047
20201012_000353_Fish_Boor15.jpg,FH,FH3B15,Frog_047
20201012_000407_Fish_Boor15.jpg,FH,FH3B15,Frog_047
20201012_000447_Fish_Boor15.jpg,FH,FH3B15,Frog_047
20201012_000926_Fish_Boor16.jpg,FH,FH3B16,Frog_064
20201012_000936_Fish_Boor16.jpg,FH,FH3B16,Frog_064
20201012_000947_Fish_Boor16.jpg,FH,FH3B16,Frog_064
20201012_000954_Fish_Boor16.jpg,FH,FH3B16,Frog_064
20201012_001003_Fish_Boor16.jpg,FH,FH3B16,Frog_064
20201012_001021_Fish_Boor16.jpg,FH,FH3B16,Frog_064
20201012_001318_Fish_Boor13.jpg,FH,FH3B13,Frog_097
20201012_001320_Fish_Boor13.jpg,FH,FH3B13,Frog_097
20201012_001342_Fish_Boor13.jpg,FH,FH3B13,Frog_097
20201012_001405_Fish_Boor13.jpg,FH,FH3B13,Frog_097
20201012_001414_Fish_Boor13.jpg,FH,FH3B13,Frog_097
20201012_001426_Fish_Boor13.jpg,FH,FH3B13,Frog_097
20201012_001427_Fish_Boor13.jpg,FH,FH3B13,Frog_097
20201012_001545_Fish_Boor14.jpg,FH,FH3B14,Frog_100
20201012_001550_Fish_Boor14.jpg,FH,FH3B14,Frog_100
20201012_001603_Fish_Boor14.jpg,FH,FH3B14,Frog_100
20201012_001615_Fish_Boor14.jpg,FH,FH3B14,Frog_100
20201012_001620_Fish_Boor14.jpg,FH,FH3B14,Frog_100
20201012_001651_Fish_Boor14.jpg,FH,FH3B14,Frog_100
20201012_001711_Fish_Boor14.jpg,FH,FH3B14,Frog_100
20201012_002643_Fish_Boor18.jpg,FH,FH3B18,Frog_127
20201012_002646_Fish_Boor18.jpg,FH,FH3B18,Frog_127
20201012_002701_Fish_Boor18.jpg,FH,FH3B18,Frog_127
20201012_002703_Fish_Boor18.jpg,FH,FH3B18,Frog_127
20201012_002708_Fish_Boor18.jpg,FH,FH3B18,Frog_127
20201012_002725_Fish_Boor18.jpg,FH,FH3B18,Frog_127
20201012_002743_Fish_Boor18.jpg,FH,FH3B18,Frog_127
20201012_011900_Fish_Boor19.jpg,FH,FH3B19,Frog_040
20201012_011909_Fish_Boor19.jpg,FH,FH3B19,Frog_040
20201012_011916_Fish_Boor19.jpg,FH,FH3B19,Frog_040
20201012_011922_Fish_Boor19.jpg,FH,FH3B19,Frog_040
20201012_011928_Fish_Boor19.jpg,FH,FH3B19,Frog_040
20201012_012350_Fish_Boor20.jpg,FH,FH3B20,Frog_235
20201012_012402_Fish_Boor20.jpg,FH,FH3B20,Frog_235
20201012_012411_Fish_Boor20.jpg,FH,FH3B20,Frog_235
20201012_012416_Fish_Boor20.jpg,FH,FH3B20,Frog_235
20201012_012421_Fish_Boor20.jpg,FH,FH3B20,Frog_235
20201012_012448_Fish_Boor20.jpg,FH,FH3B20,Frog_235
20201030_204808_Sink_L_T11.jpg,SK,SK4LT11,Frog_132
20201030_204812_Sink_L_T11.jpg,SK,SK4LT11,Frog_132
20201030_204814_Sink_L_T11.jpg,SK,SK4LT11,Frog_132
20201030_211543_Sink_B_T12.jpg,SK,SK4BT12,Frog_076
20201030_212335_Sink_B_T13.jpg,SK,SK4BT13,Frog_096
20201030_213932_Sink_L_T14.jpg,SK,SK4LT14,Frog_046
20201030_215150_Sink_L_T15-T17.jpg,SK,SK4LT15-T17,Frog_195
20201030_221548_Sink_Boor03.jpg,SK,SK4B03,Frog_061
20201030_221607_Sink_Boor03.jpg,SK,SK4B03,Frog_061
20201030_221622_Sink_Boor03.jpg,SK,SK4B03,Frog_061
20201030_221633_Sink_Boor03.jpg,SK,SK4B03,Frog_061
20201030_222705_Sink_L_T17.jpg,SK,SK4LT17,Frog_174
20201030_222709_Sink_L_T17.jpg,SK,SK4LT17,Frog_174
20201030_224534_Sink_L_T16.jpg,SK,SK4LT16,Frog_218
20201030_224538_Sink_L_T16.jpg,SK,SK4LT16,Frog_218
20201030_230621_Sink_B_T18.jpg,SK,SK4BT18,Frog_238
20201030_230632_Sink_B_T18.jpg,SK,SK4BT18,Frog_238
20201030_231905_Sink_B_T19.jpg,SK,SK4BT19,Frog_051
20201030_231908_Sink_B_T19.jpg,SK,SK4BT19,Frog_051
20201030_233245_Sink_L_T1.jpg,SK,SK4LT1,Frog_016
20201030_233249_Sink_L_T1.jpg,SK,SK4LT1,Frog_016
20201030_234047_Sink_L_T20.jpg,SK,SK4LT20,Frog_001
20201030_234055_Sink_L_T20.jpg,SK,SK4LT20,Frog_001
20201031_000148_Sink_B_T02.jpg,SK,SK4BT02,Frog_037
20201031_000158_Sink_B_T02.jpg,SK,SK4BT02,Frog_037
20201031_002710_Sink_B_T03.jpg,SK,SK4BT03,Frog_059
20201031_002718_Sink_B_T03.jpg,SK,SK4BT03,Frog_059
20201031_002720_Sink_B_T03.jpg,SK,SK4BT03,Frog_059
20201102_110233_Sink_B_T12.jpg,SK,SK4BT12,Frog_076
20201102_110325_Sink_B_T12.jpg,SK,SK4BT12,Frog_076
20201102_110332_Sink_B_T12.jpg,SK,SK4BT12,Frog_076
20201102_110413_Sink_B_T12.jpg,SK,SK4BT12,Frog_076
20201103_201740_Sink_L_T06.jpg,SK,SK4LT06,Frog_234
20201103_201743_Sink_L_T06.jpg,SK,SK4LT06,Frog_234
20201103_201818_Sink_L_T06.jpg,SK,SK4LT06,Frog_234
20201103_201832_Sink_L_T06.jpg,SK,SK4LT06,Frog_234
20201103_201835_Sink_L_T06.jpg,SK,SK4LT06,Frog_234
20201103_201848_Sink_L_T06.jpg,SK,SK4LT06,Frog_234
20201103_203831_Sink_L_newT02.jpg,SK,SK4LnewT02,Frog_130
20201103_203835_Sink_L_newT02.jpg,SK,SK4LnewT02,Frog_130
20201103_204526_Sink_L_newT02.jpg,SK,SK4LnewT02,Frog_130
20201103_204548_Sink_L_newT02.jpg,SK,SK4LnewT02,Frog_130
20201103_204552_Sink_L_newT02.jpg,SK,SK4LnewT02,Frog_130
20201103_204622_Sink_L_newT02.jpg,SK,SK4LnewT02,Frog_130
20201103_205431_Sink_L_newT03.jpg,SK,SK4LnewT03,Frog_123
20201103_205435_Sink_L_newT03.jpg,SK,SK4LnewT03,Frog_123
20201103_205448_Sink_L_newT03.jpg,SK,SK4LnewT03,Frog_123
20201103_205456_Sink_L_newT03.jpg,SK,SK4LnewT03,Frog_123
20201103_205511_Sink_L_newT03.jpg,SK,SK4LnewT03,Frog_123
20201103_213440_Sink_B_T04.jpg,SK,SK4BT04,Frog_249
20201103_213445_Sink_B_T04.jpg,SK,SK4BT04,Frog_249
20201103_213500_Sink_B_T04.jpg,SK,SK4BT04,Frog_249
20201103_213523_Sink_B_T04.jpg,SK,SK4BT04,Frog_249
20201103_215227_Sink_B_newT13.jpg,SK,SK4BnewT13,Frog_063
20201103_215236_Sink_B_newT13.jpg,SK,SK4BnewT13,Frog_063
20201103_215251_Sink_B_newT13.jpg,SK,SK4BnewT13,Frog_063
20201103_215303_Sink_B_newT13.jpg,SK,SK4BnewT13,Frog_063
20201103_215307_Sink_B_newT13.jpg,SK,SK4BnewT13,Frog_063
20201103_215331_Sink_B_newT13.jpg,SK,SK4BnewT13,Frog_063
20201103_233440_Sink_B_newT11.jpg,SK,SK4BnewT11,Frog_224
20201103_233445_Sink_B_newT11.jpg,SK,SK4BnewT11,Frog_224
20201103_233452_Sink_B_newT11.jpg,SK,SK4BnewT11,Frog_224
20201103_234332_Sink_B_newT7.jpg,SK,SK4BnewT7,Frog_056
20201103_234342_Sink_B_newT7.jpg,SK,SK4BnewT7,Frog_056
20201103_234352_Sink_B_newT7.jpg,SK,SK4BnewT7,Frog_056
20201104_212413_Sink_L_newT8.jpg,SK,SK4LnewT8,Frog_027
20201104_212417_Sink_L_newT8.jpg,SK,SK4LnewT8,Frog_027
20201104_212428_Sink_L_newT8.jpg,SK,SK4LnewT8,Frog_027
20201104_212434_Sink_L_newT8.jpg,SK,SK4LnewT8,Frog_027
20201104_212438_Sink_L_newT8.jpg,SK,SK4LnewT8,Frog_027
20201104_212441_Sink_L_newT8.jpg,SK,SK4LnewT8,Frog_027
20201104_215358_Sink_L_T06.jpg,SK,SK4LT06,Frog_234
20201104_215406_Sink_L_T06.jpg,SK,SK4LT06,Frog_234
20201104_215408_Sink_L_T06.jpg,SK,SK4LT06,Frog_234
20201104_215411_Sink_L_T06.jpg,SK,SK4LT06,Frog_234
20201105_000547_Sink_L_T15-T17.jpg,SK,SK4LT15-T17,Frog_195
20201105_000600_Sink_L_T15-T17.jpg,SK,SK4LT15-T17,Frog_195
20201111_022558_Fish_B_T10.jpg,FH,FH4BT10,Frog_138
20201111_022604_Fish_B_T10.jpg,FH,FH4BT10,Frog_138
20201111_022614_Fish_B_T10.jpg,FH,FH4BT10,Frog_138
20201111_022630_Fish_B_T10.jpg,FH,FH4BT10,Frog_138
20201111_022637_Fish_B_T10.jpg,FH,FH4BT10,Frog_138
20201111_030429_Fish_B_T08.jpg,FH,FH4BT08,Frog_168
20201111_030441_Fish_B_T08.jpg,FH,FH4BT08,Frog_168
20201111_031730_Fish_B_T02.jpg,FH,FH4BT02,Frog_052
20201111_031751_Fish_B_T02.jpg,FH,FH4BT02,Frog_052
20201111_031755_Fish_B_T02.jpg,FH,FH4BT02,Frog_052
20201111_031811_Fish_B_T02.jpg,FH,FH4BT02,Frog_052
20201111_034948_Fish_B_T01.jpg,FH,FH4BT01,Frog_110
20201111_035005_Fish_B_T01.jpg,FH,FH4BT01,Frog_110
20201111_035013_Fish_B_T01.jpg,FH,FH4BT01,Frog_110
20201114_123637_Fish_B_T20.jpg,FH,FH4BT20,Frog_211
20201114_123649_Fish_B_T20.jpg,FH,FH4BT20,Frog_211
20201114_123710_Fish_B_T20.jpg,FH,FH4BT20,Frog_211
20201114_123725_Fish_B_T20.jpg,FH,FH4BT20,Frog_211
20201114_123732_Fish_B_T20.jpg,FH,FH4BT20,Frog_211
20201114_123745_Fish_B_T20.jpg,FH,FH4BT20,Frog_211
20201115_215643_Fish_B_T05.jpg,FH,FH4BT05,Frog_167
20201115_215651_Fish_B_T05.jpg,FH,FH4BT05,Frog_167
20201115_215703_Fish_B_T05.jpg,FH,FH4BT05,Frog_167
20201115_215708_Fish_B_T05.jpg,FH,FH4BT05,Frog_167
20201115_233429_01_Fish_B_T15.jpg,FH,FH4BT15,Frog_131
20201115_233433_01_Fish_B_T15.jpg,FH,FH4BT15,Frog_131
20201115_233447_Fish_B_T15.jpg,FH,FH4BT15,Frog_131
20201116_210829_Fish_B_T09.jpg,FH,FH4BT09,Frog_044
20201116_210833_Fish_B_T09.jpg,FH,FH4BT09,Frog_044
20201116_210859_Fish_B_T09.jpg,FH,FH4BT09,Frog_044
20201118_215937_Fish_B_T02.jpg,FH,FH4BT02,Frog_052
20201118_215938_Fish_B_T02.jpg,FH,FH4BT02,Frog_052
20201118_220000_Fish_B_T02.jpg,FH,FH4BT02,Frog_052
20201118_220001_Fish_B_T02.jpg,FH,FH4BT02,Frog_052
20201118_220014_Fish_B_T02.jpg,FH,FH4BT02,Frog_052
20201118_220015_Fish_B_T02.jpg,FH,FH4BT02,Frog_052
20201118_220026_Fish_B_T02.jpg,FH,FH4BT02,Frog_052
20201118_220027_Fish_B_T02.jpg,FH,FH4BT02,Frog_052
20201118_220046_Fish_B_T02.jpg,FH,FH4BT02,Frog_052
20201118_220047_Fish_B_T02.jpg,FH,FH4BT02,Frog_052
20201119_204155_01_Fish_B_T20.jpg,FH,FH4BT20,Frog_211
20201119_204156_01_Fish_B_T20.jpg,FH,FH4BT20,Frog_211
20201119_204205_01_Fish_B_T20.jpg,FH,FH4BT20,Frog_211
20201119_204206_01_Fish_B_T20.jpg,FH,FH4BT20,Frog_211
20201119_204216_01_Fish_B_T20.jpg,FH,FH4BT20,Frog_211
20201119_204217_01_Fish_B_T20.jpg,FH,FH4BT20,Frog_211
20201119_204225_01_Fish_B_T20.jpg,FH,FH4BT20,Frog_211
20201119_204226_01_Fish_B_T20.jpg,FH,FH4BT20,Frog_211
20201119_204232_01_Fish_B_T20.jpg,FH,FH4BT20,Frog_211
20201119_204233_01_Fish_B_T20.jpg,FH,FH4BT20,Frog_211
20201119_211534_Fish_B_T05.jpg,FH,FH4BT05,Frog_167
20201119_211544(0)_01_Fish_B_T05.jpg,FH,FH4BT05,Frog_167
20201119_211544_01_Fish_B_T05.jpg,FH,FH4BT05,Frog_167
20201119_211550_01_Fish_B_T05.jpg,FH,FH4BT05,Frog_167
20201119_211551_01_Fish_B_T05.jpg,FH,FH4BT05,Frog_167
20201119_211558_01_Fish_B_T05.jpg,FH,FH4BT05,Frog_167
20201119_211600_01_Fish_B_T05.jpg,FH,FH4BT05,Frog_167
20201119_215219_01_Fish_B_T10.jpg,FH,FH4BT10,Frog_138
20201119_215719_01_Fish_B_T10.jpg,FH,FH4BT10,Frog_138
20201119_215725_Fish_B_T10.jpg,FH,FH4BT10,Frog_138
20201119_215758_Fish_B_T10.jpg,FH,FH4BT10,Frog_138
20201119_215823_Fish_B_T10.jpg,FH,FH4BT10,Frog_138
20201119_215846_01_Fish_B_T10.jpg,FH,FH4BT10,Frog_138
20201119_215853_01_Fish_B_T10.jpg,FH,FH4BT10,Frog_138
20201119_215856_01_Fish_B_T10.jpg,FH,FH4BT10,Frog_138
20201119_215906_01_Fish_B_T10.jpg,FH,FH4BT10,Frog_138
20201119_215927_01_Fish_B_T10.jpg,FH,FH4BT10,Frog_138
20201119_215932_01_Fish_B_T10.jpg,FH,FH4BT10,Frog_138
20201119_215934_01_Fish_B_T10.jpg,FH,FH4BT10,Frog_138
20201119_220025_01_Fish_B_T10.jpg,FH,FH4BT10,Frog_138
20201119_220028_Fish_B_T10.jpg,FH,FH4BT10,Frog_138
20201119_220200_01_Fish_B_T10.jpg,FH,FH4BT10,Frog_138
20201119_220204_01_Fish_B_T10.jpg,FH,FH4BT10,Frog_138
20201119_220238_Fish_B_T10.jpg,FH,FH4BT10,Frog_138
20201119_220245_01_Fish_B_T10.jpg,FH,FH4BT10,Frog_138
20201119_220302_01_Fish_B_T10.jpg,FH,FH4BT10,Frog_138
20201119_220339_01_Fish_B_T10.jpg,FH,FH4BT10,Frog_138
20201119_220344_01_Fish_B_T10.jpg,FH,FH4BT10,Frog_138
20210208_223238_Glen_B_T02.jpg,GN,GN5BT02,Frog_200
20210208_223354_Glen_B_T02.jpg,GN,GN5BT02,Frog_200
20210208_223357_Glen_B_T02.jpg,GN,GN5BT02,Frog_200
20210208_223406_Glen_B_T02.jpg,GN,GN5BT02,Frog_200
20210208_223429_Glen_B_T02.jpg,GN,GN5BT02,Frog_200
20210208_223440_Glen_B_T02.jpg,GN,GN5BT02,Frog_200
20210208_223509_Glen_B_T02.jpg,GN,GN5BT02,Frog_200
20210208_223524_Glen_B_T02.jpg,GN,GN5BT02,Frog_200
20210208_230820_Glen_B_T03.jpg,GN,GN5BT03,Frog_078
20210208_230852_Glen_B_T03.jpg,GN,GN5BT03,Frog_078
20210208_230912_Glen_B_T03.jpg,GN,GN5BT03,Frog_078
20210208_230922_Glen_B_T03.jpg,GN,GN5BT03,Frog_078
20210210_224535_Glen_B_T05.jpg,GN,GN5BT05,Frog_190
20210210_224542_Glen_B_T05.jpg,GN,GN5BT05,Frog_190
20210210_224548_Glen_B_T05.jpg,GN,GN5BT05,Frog_190
20210210_224556_Glen_B_T05.jpg,GN,GN5BT05,Frog_190
20210210_224604_Glen_B_T05.jpg,GN,GN5BT05,Frog_190
20210210_230451_Glen_B_T06-T11.jpg,GN,GN5BT06-T11,Frog_160
20210210_230503_Glen_B_T06-T11.jpg,GN,GN5BT06-T11,Frog_160
20210210_230506_Glen_B_T06-T11.jpg,GN,GN5BT06-T11,Frog_160
20210210_230519_Glen_B_T06-T11.jpg,GN,GN5BT06-T11,Frog_160
20210210_230532_Glen_B_T06-T11.jpg,GN,GN5BT06-T11,Frog_160
20210210_230545_Glen_B_T06-T11.jpg,GN,GN5BT06-T11,Frog_160
20210211_004742_Sink_B_T07.jpg,SK,SK5BT07,Frog_202
20210211_004746_Sink_B_T07.jpg,SK,SK5BT07,Frog_202
20210211_004758_Sink_B_T07.jpg,SK,SK5BT07,Frog_202
20210211_004810_Sink_B_T07.jpg,SK,SK5BT07,Frog_202
20210211_004820_Sink_B_T07.jpg,SK,SK5BT07,Frog_202
20210211_005949_Sink_L_T08.jpg,SK,SK5LT08,Frog_028
20210211_005958_Sink_L_T08.jpg,SK,SK5LT08,Frog_028
20210211_010000_Sink_L_T08.jpg,SK,SK5LT08,Frog_028
20210211_010008_Sink_L_T08.jpg,SK,SK5LT08,Frog_028
20210211_010114_Sink_L_T08.jpg,SK,SK5LT08,Frog_028
20210211_010140_Sink_L_T08.jpg,SK,SK5LT08,Frog_028
20210211_215213_Glen_B_T09.jpg,GN,GN5BT09,Frog_152
20210211_215215_Glen_B_T09.jpg,GN,GN5BT09,Frog_152
20210211_215220_Glen_B_T09.jpg,GN,GN5BT09,Frog_152
20210211_215225_Glen_B_T09.jpg,GN,GN5BT09,Frog_152
20210211_215238_Glen_B_T09.jpg,GN,GN5BT09,Frog_152
20210211_215249_Glen_B_T09.jpg,GN,GN5BT09,Frog_152
20210211_215257_Glen_B_T09.jpg,GN,GN5BT09,Frog_152
20210211_215301_Glen_B_T09.jpg,GN,GN5BT09,Frog_152
20210211_215919_Glen_L_T10.jpg,GN,GN5LT10,Frog_003
20210211_215925_Glen_L_T10.jpg,GN,GN5LT10,Frog_003
20210211_215934_Glen_L_T10.jpg,GN,GN5LT10,Frog_003
20210211_215948_Glen_L_T10.jpg,GN,GN5LT10,Frog_003
20210211_215955_Glen_L_T10.jpg,GN,GN5LT10,Frog_003
20210211_215956_Glen_L_T10.jpg,GN,GN5LT10,Frog_003
20210211_220003_Glen_L_T10.jpg,GN,GN5LT10,Frog_003
20210211_220008_Glen_L_T10.jpg,GN,GN5LT10,Frog_003
20210212_164544_Sink_B_T07.jpg,SK,SK5BT07,Frog_202
20210215_212819_Glen_B_T06-T11.jpg,GN,GN5BT06-T11,Frog_160
20210215_212830_Glen_B_T06-T11.jpg,GN,GN5BT06-T11,Frog_160
20210215_212844_Glen_B_T06-T11.jpg,GN,GN5BT06-T11,Frog_160
20210215_212901_Glen_B_T06-T11.jpg,GN,GN5BT06-T11,Frog_160
20210215_212928_Glen_B_T06-T11.jpg,GN,GN5BT06-T11,Frog_160
20210217_214020_Glen_B_T06-T11.jpg,GN,GN5BT06-T11,Frog_160
20210217_214022_Glen_B_T06-T11.jpg,GN,GN5BT06-T11,Frog_160
20210217_214032_Glen_B_T06-T11.jpg,GN,GN5BT06-T11,Frog_160
20210217_214103_Glen_B_T06-T11.jpg,GN,GN5BT06-T11,Frog_160
20210217_221052_Glen_L_T04.jpg,GN,GN5LT04,Frog_086
20210217_221115_Glen_L_T04.jpg,GN,GN5LT04,Frog_086
20210217_221132_Glen_L_T04.jpg,GN,GN5LT04,Frog_086
20210217_221144_Glen_L_T04.jpg,GN,GN5LT04,Frog_086
20210217_221200_Glen_L_T04.jpg,GN,GN5LT04,Frog_086
20210217_223803_Glen_B_T02.jpg,GN,GN5BT02,Frog_200
20210217_223819_Glen_B_T02.jpg,GN,GN5BT02,Frog_200
20210217_223823_Glen_B_T02.jpg,GN,GN5BT02,Frog_200
20210217_223827_Glen_B_T02.jpg,GN,GN5BT02,Frog_200
20210217_223832_Glen_B_T02.jpg,GN,GN5BT02,Frog_200
20210217_223839_Glen_B_T02.jpg,GN,GN5BT02,Frog_200
20210217_223842_Glen_B_T02.jpg,GN,GN5BT02,Frog_200
20210217_223900_Glen_B_T02.jpg,GN,GN5BT02,Frog_200
20210218_215129_Captains_B_T12.jpg,CK,CK5BT12,Frog_107
20210218_215151_Captains_B_T12.jpg,CK,CK5BT12,Frog_107
20210218_215157_Captains_B_T12.jpg,CK,CK5BT12,Frog_107
20210218_215205_Captains_B_T12.jpg,CK,CK5BT12,Frog_107
20210218_215208_Captains_B_T12.jpg,CK,CK5BT12,Frog_107
20210218_215234_Captains_B_T12.jpg,CK,CK5BT12,Frog_107
20210218_225154_Captains_B_T14.jpg,CK,CK5BT14,Frog_108
20210218_225203_Captains_B_T14.jpg,CK,CK5BT14,Frog_108
20210218_225209_Captains_B_T14.jpg,CK,CK5BT14,Frog_108
20210218_225220_Captains_B_T14.jpg,CK,CK5BT14,Frog_108
20210218_225235_Captains_B_T14.jpg,CK,CK5BT14,Frog_108
20210220_232936_Captains_B_T06.jpg,CK,CK5BT06,Frog_180
20210220_232951_Captains_B_T06.jpg,CK,CK5BT06,Frog_180
20210220_233004_Captains_B_T06.jpg,CK,CK5BT06,Frog_180
20210220_233009_Captains_B_T06.jpg,CK,CK5BT06,Frog_180
20210220_233013_Captains_B_T06.jpg,CK,CK5BT06,Frog_180
20210220_233029_Captains_B_T06.jpg,CK,CK5BT06,Frog_180
20210220_233101_Captains_B_T06.jpg,CK,CK5BT06,Frog_180
20210220_234018_Captains_B_T07.jpg,CK,CK5BT07,Frog_111
20210220_234023_Captains_B_T07.jpg,CK,CK5BT07,Frog_111
20210220_234031_Captains_B_T07.jpg,CK,CK5BT07,Frog_111
20210220_234040_Captains_B_T07.jpg,CK,CK5BT07,Frog_111
20210220_234047_Captains_B_T07.jpg,CK,CK5BT07,Frog_111
20210220_234054_Captains_B_T07.jpg,CK,CK5BT07,Frog_111
20210220_234103_Captains_B_T07.jpg,CK,CK5BT07,Frog_111
20210220_234126_Captains_B_T07.jpg,CK,CK5BT07,Frog_111
IMG_20200224_235143_Beach_Boor14.jpg,BH,BH1B14,Frog_187
IMG_20200224_235310_Beach_Boor14.jpg,BH,BH1B14,Frog_187
IMG_20200224_235327_Beach_Boor14.jpg,BH,BH1B14,Frog_187
IMG_20200224_235348_Beach_Boor14.jpg,BH,BH1B14,Frog_187
IMG_20200225_001104_Beach_Boor15.jpg,BH,BH1B15,Frog_141
IMG_20200225_001122_Beach_Boor15.jpg,BH,BH1B15,Frog_141
IMG_20200225_001130_Beach_Boor15.jpg,BH,BH1B15,Frog_141
IMG_20200225_001145_Beach_Boor15.jpg,BH,BH1B15,Frog_141
IMG_20200225_001159_Beach_Boor15.jpg,BH,BH1B15,Frog_141
IMG_20200225_001211_Beach_Boor15.jpg,BH,BH1B15,Frog_141
IMG_20200225_001233_Beach_Boor15.jpg,BH,BH1B15,Frog_141
IMG_20200225_001300_Beach_Boor15.jpg,BH,BH1B15,Frog_141
IMG_20200225_002449_Beach_LW07.jpg,BH,BH1L07,Frog_031
IMG_20200225_002510_Beach_LW07.jpg,BH,BH1L07,Frog_031
IMG_20200225_002516_Beach_LW07.jpg,BH,BH1L07,Frog_031
IMG_20200225_002528_Beach_LW07.jpg,BH,BH1L07,Frog_031
IMG_20200225_002551_Beach_LW07.jpg,BH,BH1L07,Frog_031
IMG_20200225_002638_Beach_LW07.jpg,BH,BH1L07,Frog_031
IMG_20200225_002639_Beach_LW07.jpg,BH,BH1L07,Frog_031
IMG_20200225_003129_Beach_Boor16.jpg,BH,BH1B16,Frog_043
IMG_20200225_003231_Beach_Boor16.jpg,BH,BH1B16,Frog_043
IMG_20200225_003318_Beach_Boor16.jpg,BH,BH1B16,Frog_043
IMG_20200225_003356_Beach_Boor16.jpg,BH,BH1B16,Frog_043
IMG_20200225_003407_Beach_Boor16.jpg,BH,BH1B16,Frog_043
IMG_20200225_003422_Beach_Boor16.jpg,BH,BH1B16,Frog_043
IMG_20200225_003425_Beach_Boor16.jpg,BH,BH1B16,Frog_043
IMG_20200225_003455_Beach_Boor16.jpg,BH,BH1B16,Frog_043
IMG_20200225_003512_Beach_Boor16.jpg,BH,BH1B16,Frog_043
IMG_20200225_003527_Beach_Boor16.jpg,BH,BH1B16,Frog_043
P2090599_Glen_B_T03.JPG,GN,GN5BT03,Frog_078
P2090600_Glen_B_T03.JPG,GN,GN5BT03,Frog_078
P2090601_Glen_B_T03.JPG,GN,GN5BT03,Frog_078
P2090602_Glen_B_T03.JPG,GN,GN5BT03,Frog_078
P2090607_Glen_L_T04.JPG,GN,GN5LT04,Frog_086
P2090608_Glen_L_T04.JPG,GN,GN5LT04,Frog_086
P2090609_Glen_L_T04.JPG,GN,GN5LT04,Frog_086
P2090610_Glen_L_T04.JPG,GN,GN5LT04,Frog_086
P2090611_Glen_L_T04.JPG,GN,GN5LT04,Frog_086
P2090612_Glen_L_T04.JPG,GN,GN5LT04,Frog_086
P2090613_Glen_L_T04.JPG,GN,GN5LT04,Frog_086
P2180827_Captains_B_T13.JPG,CK,CK5BT13,Frog_145
P2180828_Captains_B_T13.JPG,CK,CK5BT13,Frog_145
P2180829_Captains_B_T13.JPG,CK,CK5BT13,Frog_145
P2180830_Captains_B_T13.JPG,CK,CK5BT13,Frog_145
P2180831_Captains_B_T13.JPG,CK,CK5BT13,Frog_145
P2180832_Captains_B_T13.JPG,CK,CK5BT13,Frog_145
P2180839_Captains_B_T15.JPG,CK,CK5BT15,Frog_010
P2180840_Captains_B_T15.JPG,CK,CK5BT15,Frog_010
P2180841_Captains_B_T15.JPG,CK,CK5BT15,Frog_010
P2180842_Captains_B_T15.JPG,CK,CK5BT15,Frog_010
P2180843_Captains_B_T15.JPG,CK,CK5BT15,Frog_010
P2180846_Captains_B_T16.JPG,CK,CK5BT16,Frog_095
P2180847_Captains_B_T16.JPG,CK,CK5BT16,Frog_095
P2180848_Captains_B_T16.JPG,CK,CK5BT16,Frog_095
P2180849_Captains_B_T16.JPG,CK,CK5BT16,Frog_095
P2180850_Captains_B_T16.JPG,CK,CK5BT16,Frog_095
P2180851_Captains_B_T16.JPG,CK,CK5BT16,Frog_095
P2180852_Captains_B_T16.JPG,CK,CK5BT16,Frog_095
P2180855_Captains_B_T17.JPG,CK,CK5BT17,Frog_034
P2180856_Captains_B_T17.JPG,CK,CK5BT17,Frog_034
P2180857_Captains_B_T17.JPG,CK,CK5BT17,Frog_034
P2180858_Captains_B_T17.JPG,CK,CK5BT17,Frog_034
P2180859_Captains_B_T17.JPG,CK,CK5BT17,Frog_034
P2180862_Captains_B_T18.JPG,CK,CK5BT18,Frog_133
P2180863_Captains_B_T18.JPG,CK,CK5BT18,Frog_133
P2180864_Captains_B_T18.JPG,CK,CK5BT18,Frog_133
P2180865_Captains_B_T18.JPG,CK,CK5BT18,Frog_133
P2180866_Captains_B_T18.JPG,CK,CK5BT18,Frog_133
P2190869_Captains_B_T19.JPG,CK,CK5BT19,Frog_220
P2190870_Captains_B_T19.JPG,CK,CK5BT19,Frog_220
P2190871_Captains_B_T19.JPG,CK,CK5BT19,Frog_220
P2190872_Captains_B_T19.JPG,CK,CK5BT19,Frog_220
P2190873_Captains_B_T19.JPG,CK,CK5BT19,Frog_220
P2190874_Captains_B_T19.JPG,CK,CK5BT19,Frog_220
P2190884_Captains_B_T20.JPG,CK,CK5BT20,Frog_181
P2190885_Captains_B_T20.JPG,CK,CK5BT20,Frog_181
P2190886_Captains_B_T20.JPG,CK,CK5BT20,Frog_181
P2190887_Captains_B_T20.JPG,CK,CK5BT20,Frog_181
P2190888_Captains_B_T20.JPG,CK,CK5BT20,Frog_181
P2190889_Captains_B_T20.JPG,CK,CK5BT20,Frog_181
P2190892_Captains_B_T11.JPG,CK,CK5BT11,Frog_089
P2190893_Captains_B_T11.JPG,CK,CK5BT11,Frog_089
P2190894_Captains_B_T11.JPG,CK,CK5BT11,Frog_089
P2190895_Captains_B_T11.JPG,CK,CK5BT11,Frog_089
P2190896_Captains_B_T11.JPG,CK,CK5BT11,Frog_089
P2190898_Captains_B_T10.JPG,CK,CK5BT10,Frog_104
P2190899_Captains_B_T10.JPG,CK,CK5BT10,Frog_104
P2190900_Captains_B_T10.JPG,CK,CK5BT10,Frog_104
P2190901_Captains_B_T10.JPG,CK,CK5BT10,Frog_104
P2190902_Captains_B_T10.JPG,CK,CK5BT10,Frog_104
P2190905_Captains_B_T09.JPG,CK,CK5BT09,Frog_093
P2190907_Captains_B_T09.JPG,CK,CK5BT09,Frog_093
P2190908_Captains_B_T09.JPG,CK,CK5BT09,Frog_093
P2190909_Captains_B_T09.JPG,CK,CK5BT09,Frog_093
P2190910_Captains_B_T09.JPG,CK,CK5BT09,Frog_093
P2210018_KarstCR_LW01.JPG,KA,KA1L01,Frog_158
P2210019_KarstCR_LW01.JPG,KA,KA1L01,Frog_158
P2210020_KarstCR_LW01.JPG,KA,KA1L01,Frog_158
P2210021_KarstCR_LW01.JPG,KA,KA1L01,Frog_158
P2210022_KarstCR_LW01.JPG,KA,KA1L01,Frog_158
P2210943_Captains_B_T05-T01.JPG,CK,CK5BT05-T01,Frog_179
P2210944_Captains_B_T05-T01.JPG,CK,CK5BT05-T01,Frog_179
P2210945_Captains_B_T05-T01.JPG,CK,CK5BT05-T01,Frog_179
P2210946_Captains_B_T05-T01.JPG,CK,CK5BT05-T01,Frog_179
P2210947_Captains_B_T05-T01.JPG,CK,CK5BT05-T01,Frog_179
P2210948_Captains_B_T05-T01.JPG,CK,CK5BT05-T01,Frog_179
P2210960_Captains_B_T04.JPG,CK,CK5BT04,Frog_183
P2210961_Captains_B_T04.JPG,CK,CK5BT04,Frog_183
P2210962_Captains_B_T04.JPG,CK,CK5BT04,Frog_183
P2210963_Captains_B_T04.JPG,CK,CK5BT04,Frog_183
P2210964_Captains_B_T04.JPG,CK,CK5BT04,Frog_183
P2210965_Captains_B_T04.JPG,CK,CK5BT04,Frog_183
P2210966_Captains_B_T04.JPG,CK,CK5BT04,Frog_183
P2210967_Captains_B_T04.JPG,CK,CK5BT04,Frog_183
P2210971_Captains_B_T03.JPG,CK,CK5BT03,Frog_013
P2210972_Captains_B_T03.JPG,CK,CK5BT03,Frog_013
P2210973_Captains_B_T03.JPG,CK,CK5BT03,Frog_013
P2210974_Captains_B_T03.JPG,CK,CK5BT03,Frog_013
P2210975_Captains_B_T03.JPG,CK,CK5BT03,Frog_013
P2210976_Captains_B_T03.JPG,CK,CK5BT03,Frog_013
P2210977_Captains_B_T03.JPG,CK,CK5BT03,Frog_013
P2210978_Captains_B_T03.JPG,CK,CK5BT03,Frog_013
P2220023_Glen_Boor01.JPG,GN,GN1B01,Frog_169
P2220024_Glen_Boor01.JPG,GN,GN1B01,Frog_169
P2220025_Glen_Boor01.JPG,GN,GN1B01,Frog_169
P2220026_Glen_Boor01.JPG,GN,GN1B01,Frog_169
P2220027_Glen_Boor01.JPG,GN,GN1B01,Frog_169
P2220028_Glen_Boor01.JPG,GN,GN1B01,Frog_169
P2220029_Glen_Boor01.JPG,GN,GN1B01,Frog_169
P2220030_Glen_Boor02.JPG,GN,GN1B02,Frog_219
P2220031_Glen_Boor02.JPG,GN,GN1B02,Frog_219
P2220032_Glen_Boor02.JPG,GN,GN1B02,Frog_219
P2220034_Glen_Boor02.JPG,GN,GN1B02,Frog_219
P2220035_Glen_Boor02.JPG,GN,GN1B02,Frog_219
P2220036_Glen_Boor02.JPG,GN,GN1B02,Frog_219
P2220037_Glen_Boor02.JPG,GN,GN1B02,Frog_219
P2220038_Glen_Boor02.JPG,GN,GN1B02,Frog_219
P2220039_Glen_Boor02.JPG,GN,GN1B02,Frog_219
P2220040_Glen_Boor02.JPG,GN,GN1B02,Frog_219
P2220041_Glen_Boor02.JPG,GN,GN1B02,Frog_219
P2220042_Glen_Boor02.JPG,GN,GN1B02,Frog_219
P2220043_Glen_Boor02.JPG,GN,GN1B02,Frog_219
P2220044_Glen_Boor02.JPG,GN,GN1B02,Frog_219
P2220045_Glen_Boor02.JPG,GN,GN1B02,Frog_219
P2220046_Glen_Boor03.JPG,GN,GN1B03,Frog_191
P2220047_Glen_Boor03.JPG,GN,GN1B03,Frog_191
P2220048_Glen_Boor03.JPG,GN,GN1B03,Frog_191
P2220049_Glen_Boor03.JPG,GN,GN1B03,Frog_191
P2220050_Glen_Boor03.JPG,GN,GN1B03,Frog_191
P2220051_Glen_Boor03.JPG,GN,GN1B03,Frog_191
P2220052_Glen_Boor03.JPG,GN,GN1B03,Frog_191
P2220053_Glen_Boor03.JPG,GN,GN1B03,Frog_191
P2220054_Glen_Boor03.JPG,GN,GN1B03,Frog_191
P2220055_Glen_Boor03.JPG,GN,GN1B03,Frog_191
P2220056_Glen_Boor03.JPG,GN,GN1B03,Frog_191
P2220057_Glen_Boor03.JPG,GN,GN1B03,Frog_191
P2220058_Glen_Boor03.JPG,GN,GN1B03,Frog_191
P2220061_Glen_Boor04.JPG,GN,GN1B04,Frog_036
P2220063_Glen_Boor04.JPG,GN,GN1B04,Frog_036
P2220064_Glen_Boor04.JPG,GN,GN1B04,Frog_036
P2220065_Glen_Boor04.JPG,GN,GN1B04,Frog_036
P2220066_Glen_Boor04.JPG,GN,GN1B04,Frog_036
P2220067_Glen_Boor04.JPG,GN,GN1B04,Frog_036
P2220068_Glen_Boor04.JPG,GN,GN1B04,Frog_036
P2220069_Glen_Boor04.JPG,GN,GN1B04,Frog_036
P2220070_Glen_Boor04.JPG,GN,GN1B04,Frog_036
P2220071_Glen_Boor04.JPG,GN,GN1B04,Frog_036
P2220072_Glen_Boor04.JPG,GN,GN1B04,Frog_036
P2220073_Glen_Boor04.JPG,GN,GN1B04,Frog_036
P2220074_Glen_Boor04.JPG,GN,GN1B04,Frog_036
P2220075_Glen_Boor04.JPG,GN,GN1B04,Frog_036
P2220076_Glen_Boor04.JPG,GN,GN1B04,Frog_036
P2220077_Glen_LW01_correctedBoor.JPG,GN,GN1L01,Frog_252
P2220078_Glen_LW01_correctedBoor.JPG,GN,GN1L01,Frog_252
P2220079_Glen_LW01_correctedBoor.JPG,GN,GN1L01,Frog_252
P2220080_Glen_LW01_correctedBoor.JPG,GN,GN1L01,Frog_252
P2220081_Glen_LW01_correctedBoor.JPG,GN,GN1L01,Frog_252
P2220082_Glen_LW01_correctedBoor.JPG,GN,GN1L01,Frog_252
P2220083_Glen_LW01_correctedBoor.JPG,GN,GN1L01,Frog_252
P2220084_Glen_LW01_correctedBoor.JPG,GN,GN1L01,Frog_252
P2220085_Glen_LW01_correctedBoor.JPG,GN,GN1L01,Frog_252
P2220086_Glen_LW01_correctedBoor.JPG,GN,GN1L01,Frog_252
P2220087_Glen_LW01_correctedBoor.JPG,GN,GN1L01,Frog_252
P2220088_Glen_LW01_correctedBoor.JPG,GN,GN1L01,Frog_252
P2220089_Glen_Boor05.JPG,GN,GN1B05,Frog_150
P2220090_Glen_Boor05.JPG,GN,GN1B05,Frog_150
P2220091_Glen_Boor05.JPG,GN,GN1B05,Frog_150
P2220092_Glen_Boor05.JPG,GN,GN1B05,Frog_150
P2220093_Glen_Boor05.JPG,GN,GN1B05,Frog_150
P2220094_Glen_Boor05.JPG,GN,GN1B05,Frog_150
P2220095_Glen_Boor05.JPG,GN,GN1B05,Frog_150
P2220096_Glen_LW02.JPG,GN,GN1L02,Frog_008
P2220097_Glen_LW02.JPG,GN,GN1L02,Frog_008
P2220098_Glen_LW02.JPG,GN,GN1L02,Frog_008
P2220099_Glen_LW02.JPG,GN,GN1L02,Frog_008
P2220100_Glen_LW02.JPG,GN,GN1L02,Frog_008
P2220101_Glen_LW02.JPG,GN,GN1L02,Frog_008
P2220102_Glen_LW02.JPG,GN,GN1L02,Frog_008
P2220103_Glen_LW02.JPG,GN,GN1L02,Frog_008
P2220105_Glen_LW03_correctedBoor.JPG,GN,GN1L03,Frog_125
P2220106_Glen_LW03_correctedBoor.JPG,GN,GN1L03,Frog_125
P2220107_Glen_LW03_correctedBoor.JPG,GN,GN1L03,Frog_125
P2220108_Glen_LW03_correctedBoor.JPG,GN,GN1L03,Frog_125
P2220109_Glen_LW03_correctedBoor.JPG,GN,GN1L03,Frog_125
P2220110_Glen_LW03_correctedBoor.JPG,GN,GN1L03,Frog_125
P2220111_Glen_LW03_correctedBoor.JPG,GN,GN1L03,Frog_125
P2220112_Glen_LW03_correctedBoor.JPG,GN,GN1L03,Frog_125
P2220113_Glen_LW03_correctedBoor.JPG,GN,GN1L03,Frog_125
P2220114_Glen_Boor06.JPG,GN,GN1B06,Frog_222
P2220115_Glen_Boor06.JPG,GN,GN1B06,Frog_222
P2220116_Glen_Boor06.JPG,GN,GN1B06,Frog_222
P2220117_Glen_Boor06.JPG,GN,GN1B06,Frog_222
P2220118_Glen_Boor06.JPG,GN,GN1B06,Frog_222
P2220119_Glen_Boor06.JPG,GN,GN1B06,Frog_222
P2220120_Glen_Boor06.JPG,GN,GN1B06,Frog_222
P2220121_Glen_Boor06.JPG,GN,GN1B06,Frog_222
P2220122_Glen_Boor06.JPG,GN,GN1B06,Frog_222
P2220123_Glen_Boor06.JPG,GN,GN1B06,Frog_222
P2220124_Glen_LW04.JPG,GN,GN1L04,Frog_011
P2220125_Glen_LW04.JPG,GN,GN1L04,Frog_011
P2220126_Glen_LW04.JPG,GN,GN1L04,Frog_011
P2220127_Glen_LW04.JPG,GN,GN1L04,Frog_011
P2220128_Glen_LW04.JPG,GN,GN1L04,Frog_011
P2220129_Glen_LW04.JPG,GN,GN1L04,Frog_011
P2220130_Glen_LW04.JPG,GN,GN1L04,Frog_011
P2220131_Glen_LW04.JPG,GN,GN1L04,Frog_011
P2220132_Glen_LW04.JPG,GN,GN1L04,Frog_011
P2220133_Glen_LW05.JPG,GN,GN1L05,Frog_124
P2220134_Glen_LW05.JPG,GN,GN1L05,Frog_124
P2220135_Glen_LW05.JPG,GN,GN1L05,Frog_124
P2220136_Glen_LW05.JPG,GN,GN1L05,Frog_124
P2220137_Glen_LW05.JPG,GN,GN1L05,Frog_124
P2220138_Glen_LW05.JPG,GN,GN1L05,Frog_124
P2220139_Glen_LW05.JPG,GN,GN1L05,Frog_124
P2220140_Glen_LW05.JPG,GN,GN1L05,Frog_124
P2220141_Glen_Boor07.JPG,GN,GN1B07,Frog_155
P2220142_Glen_Boor07.JPG,GN,GN1B07,Frog_155
P2220143_Glen_Boor07.JPG,GN,GN1B07,Frog_155
P2220144_Glen_Boor07.JPG,GN,GN1B07,Frog_155
P2220145_Glen_Boor07.JPG,GN,GN1B07,Frog_155
P2220146_Glen_Boor07.JPG,GN,GN1B07,Frog_155
P2220147_Glen_Boor07.JPG,GN,GN1B07,Frog_155
P2220148_Glen_Boor08.JPG,GN,GN1B08,Frog_153
P2220149_Glen_Boor08.JPG,GN,GN1B08,Frog_153
P2220150_Glen_Boor08.JPG,GN,GN1B08,Frog_153
P2220151_Glen_Boor08.JPG,GN,GN1B08,Frog_153
P2220152_Glen_Boor08.JPG,GN,GN1B08,Frog_153
P2220153_Glen_Boor08.JPG,GN,GN1B08,Frog_153
P2220154_Glen_Boor08.JPG,GN,GN1B08,Frog_153
P2220155_Glen_LW06.JPG,GN,GN1L06,Frog_241
P2220156_Glen_LW06.JPG,GN,GN1L06,Frog_241
P2220157_Glen_LW06.JPG,GN,GN1L06,Frog_241
P2220158_Glen_LW06.JPG,GN,GN1L06,Frog_241
P2220159_Glen_LW06.JPG,GN,GN1L06,Frog_241
P2220160_Glen_LW06.JPG,GN,GN1L06,Frog_241
P2220161_Glen_LW06.JPG,GN,GN1L06,Frog_241
P2220162_Glen_LW06.JPG,GN,GN1L06,Frog_241
P2220163_Glen_LW06.JPG,GN,GN1L06,Frog_241
P2220164_Glen_Boor09.JPG,GN,GN1B09,Frog_029
P2220165_Glen_Boor09.JPG,GN,GN1B09,Frog_029
P2220166_Glen_Boor09.JPG,GN,GN1B09,Frog_029
P2220167_Glen_Boor09.JPG,GN,GN1B09,Frog_029
P2220168_Glen_Boor09.JPG,GN,GN1B09,Frog_029
P2220169_Glen_Boor09.JPG,GN,GN1B09,Frog_029
P2220170_Glen_Boor09.JPG,GN,GN1B09,Frog_029
P2220171_Glen_Boor09.JPG,GN,GN1B09,Frog_029
P2220172_Glen_Boor09.JPG,GN,GN1B09,Frog_029
P2220173_Glen_Boor10.JPG,GN,GN1B10,Frog_005
P2220174_Glen_Boor10.JPG,GN,GN1B10,Frog_005
P2220175_Glen_Boor10.JPG,GN,GN1B10,Frog_005
P2220176_Glen_Boor10.JPG,GN,GN1B10,Frog_005
P2220177_Glen_Boor10.JPG,GN,GN1B10,Frog_005
P2220178_Glen_Boor10.JPG,GN,GN1B10,Frog_005
P2220179_Glen_Boor10.JPG,GN,GN1B10,Frog_005
P2220180_Glen_Boor10.JPG,GN,GN1B10,Frog_005
P2220181_Glen_Boor10.JPG,GN,GN1B10,Frog_005
P2220182_Glen_Boor10.JPG,GN,GN1B10,Frog_005
P2220183_Glen_LW07.JPG,GN,GN1L07,Frog_165
P2220184_Glen_LW07.JPG,GN,GN1L07,Frog_165
P2220185_Glen_LW07.JPG,GN,GN1L07,Frog_165
P2220186_Glen_LW07.JPG,GN,GN1L07,Frog_165
P2220187_Glen_LW07.JPG,GN,GN1L07,Frog_165
P2220188_Glen_LW07.JPG,GN,GN1L07,Frog_165
P2220189_Glen_LW07.JPG,GN,GN1L07,Frog_165
P2220993_Captains_B_T02.JPG,CK,CK5BT02,Frog_137
P2220994_Captains_B_T02.JPG,CK,CK5BT02,Frog_137
P2220995_Captains_B_T02.JPG,CK,CK5BT02,Frog_137
P2220996_Captains_B_T02.JPG,CK,CK5BT02,Frog_137
P2220997_Captains_B_T02.JPG,CK,CK5BT02,Frog_137
P2220998_Captains_B_T02.JPG,CK,CK5BT02,Frog_137
P2220999_Captains_B_T02.JPG,CK,CK5BT02,Frog_137
P2221000_Captains_B_T02.JPG,CK,CK5BT02,Frog_137
P2221001_Captains_B_T02.JPG,CK,CK5BT02,Frog_137
P2221002_Captains_B_T02.JPG,CK,CK5BT02,Frog_137
P2230190_Sink_Boor01.JPG,SK,SK1B01,Frog_143
P2230191_Sink_Boor01.JPG,SK,SK1B01,Frog_143
P2230192_Sink_Boor01.JPG,SK,SK1B01,Frog_143
P2230193_Sink_Boor01.JPG,SK,SK1B01,Frog_143
P2230194_Sink_Boor01.JPG,SK,SK1B01,Frog_143
P2230195_Sink_Boor01.JPG,SK,SK1B01,Frog_143
P2230196_Sink_Boor01.JPG,SK,SK1B01,Frog_143
P2230197_Sink_Boor01.JPG,SK,SK1B01,Frog_143
P2230198_Sink_Boor01.JPG,SK,SK1B01,Frog_143
P2230199_Sink_Boor01.JPG,SK,SK1B01,Frog_143
P2230200_Sink_Boor02.JPG,SK,SK1B02,Frog_021
P2230201_Sink_Boor02.JPG,SK,SK1B02,Frog_021
P2230202_Sink_Boor02.JPG,SK,SK1B02,Frog_021
P2230203_Sink_Boor02.JPG,SK,SK1B02,Frog_021
P2230204_Sink_Boor02.JPG,SK,SK1B02,Frog_021
P2230205_Sink_Boor02.JPG,SK,SK1B02,Frog_021
P2230206_Sink_Boor02.JPG,SK,SK1B02,Frog_021
P2230207_Sink_Boor03.JPG,SK,SK1B03,Frog_006
P2230208_Sink_Boor03.JPG,SK,SK1B03,Frog_006
P2230209_Sink_Boor03.JPG,SK,SK1B03,Frog_006
P2230210_Sink_Boor03.JPG,SK,SK1B03,Frog_006
P2230211_Sink_Boor03.JPG,SK,SK1B03,Frog_006
P2230212_Sink_Boor03.JPG,SK,SK1B03,Frog_006
P2230213_Sink_Boor03.JPG,SK,SK1B03,Frog_006
P2230214_Sink_Boor04.JPG,SK,SK1B04,Frog_176
P2230215_Sink_Boor04.JPG,SK,SK1B04,Frog_176
P2230216_Sink_Boor04.JPG,SK,SK1B04,Frog_176
P2230217_Sink_Boor04.JPG,SK,SK1B04,Frog_176
P2230218_Sink_Boor04.JPG,SK,SK1B04,Frog_176
P2230219_Sink_Boor04.JPG,SK,SK1B04,Frog_176
P2230220_Sink_Boor04.JPG,SK,SK1B04,Frog_176
P2230221_Sink_Boor05.JPG,SK,SK1B05,Frog_017
P2230222_Sink_Boor05.JPG,SK,SK1B05,Frog_017
P2230223_Sink_Boor05.JPG,SK,SK1B05,Frog_017
P2230224_Sink_Boor05.JPG,SK,SK1B05,Frog_017
P2230225_Sink_Boor05.JPG,SK,SK1B05,Frog_017
P2230226_Sink_Boor05.JPG,SK,SK1B05,Frog_017
P2230227_Sink_Boor05.JPG,SK,SK1B05,Frog_017
P2230228_Sink_Boor05.JPG,SK,SK1B05,Frog_017
P2230229_Sink_Boor06.JPG,SK,SK1B06,Frog_228
P2230230_Sink_Boor06.JPG,SK,SK1B06,Frog_228
P2230231_Sink_Boor06.JPG,SK,SK1B06,Frog_228
P2230232_Sink_Boor06.JPG,SK,SK1B06,Frog_228
P2230233_Sink_Boor06.JPG,SK,SK1B06,Frog_228
P2230234_Sink_Boor06.JPG,SK,SK1B06,Frog_228
P2230235_Sink_Boor06.JPG,SK,SK1B06,Frog_228
P2230236_Sink_Boor07.JPG,SK,SK1B07,Frog_229
P2230237_Sink_Boor07.JPG,SK,SK1B07,Frog_229
P2230238_Sink_Boor07.JPG,SK,SK1B07,Frog_229
P2230239_Sink_Boor07.JPG,SK,SK1B07,Frog_229
P2230240_Sink_Boor07.JPG,SK,SK1B07,Frog_229
P2230241_Sink_Boor07.JPG,SK,SK1B07,Frog_229
P2230242_Sink_Boor07.JPG,SK,SK1B07,Frog_229
P2230243_Sink_Boor07.JPG,SK,SK1B07,Frog_229
P2230244_Sink_Boor07.JPG,SK,SK1B07,Frog_229
P2230245_Sink_Boor07.JPG,SK,SK1B07,Frog_229
P2230246_Sink_Boor08.JPG,SK,SK1B08,Frog_075
P2230247_Sink_Boor08.JPG,SK,SK1B08,Frog_075
P2230248_Sink_Boor08.JPG,SK,SK1B08,Frog_075
P2230249_Sink_Boor08.JPG,SK,SK1B08,Frog_075
P2230250_Sink_Boor08.JPG,SK,SK1B08,Frog_075
P2230251_Sink_Boor08.JPG,SK,SK1B08,Frog_075
P2230252_Sink_Boor08.JPG,SK,SK1B08,Frog_075
P2230253_Sink_Boor09.JPG,SK,SK1B09,Frog_103
P2230254_Sink_Boor09.JPG,SK,SK1B09,Frog_103
P2230255_Sink_Boor09.JPG,SK,SK1B09,Frog_103
P2230256_Sink_Boor09.JPG,SK,SK1B09,Frog_103
P2230257_Sink_Boor09.JPG,SK,SK1B09,Frog_103
P2230258_Sink_Boor09.JPG,SK,SK1B09,Frog_103
P2230259_Sink_Boor09.JPG,SK,SK1B09,Frog_103
P2230260_Sink_Boor10_correctedStony.JPG,SK,SK1B10,Frog_171
P2230261_Sink_Boor10_correctedStony.JPG,SK,SK1B10,Frog_171
P2230262_Sink_Boor10_correctedStony.JPG,SK,SK1B10,Frog_171
P2230263_Sink_Boor10_correctedStony.JPG,SK,SK1B10,Frog_171
P2230264_Sink_Boor10_correctedStony.JPG,SK,SK1B10,Frog_171
P2230265_Sink_Boor10_correctedStony.JPG,SK,SK1B10,Frog_171
P2230266_Sink_Boor10_correctedStony.JPG,SK,SK1B10,Frog_171
P2230267_Sink_Boor10_correctedStony.JPG,SK,SK1B10,Frog_171
P2230268_Sink_Boor11.JPG,SK,SK1B11,Frog_157
P2230269_Sink_Boor11.JPG,SK,SK1B11,Frog_157
P2230270_Sink_Boor11.JPG,SK,SK1B11,Frog_157
P2230271_Sink_Boor11.JPG,SK,SK1B11,Frog_157
P2230272_Sink_Boor11.JPG,SK,SK1B11,Frog_157
P2230273_Sink_Boor11.JPG,SK,SK1B11,Frog_157
P2230274_Sink_Boor11.JPG,SK,SK1B11,Frog_157
P2230275_Sink_Boor12.JPG,SK,SK1B12,Frog_090
P2230276_Sink_Boor12.JPG,SK,SK1B12,Frog_090
P2230277_Sink_Boor12.JPG,SK,SK1B12,Frog_090
P2230278_Sink_Boor12.JPG,SK,SK1B12,Frog_090
P2230279_Sink_Boor12.JPG,SK,SK1B12,Frog_090
P2230280_Sink_Boor12.JPG,SK,SK1B12,Frog_090
P2230281_Sink_Boor12.JPG,SK,SK1B12,Frog_090
P2230282_Sink_Boor12.JPG,SK,SK1B12,Frog_090
P2230283_Sink_Boor13_correctedStony.JPG,SK,SK1B13,Frog_088
P2230284_Sink_Boor13_correctedStony.JPG,SK,SK1B13,Frog_088
P2230285_Sink_Boor13_correctedStony.JPG,SK,SK1B13,Frog_088
P2230286_Sink_Boor13_correctedStony.JPG,SK,SK1B13,Frog_088
P2230287_Sink_Boor13_correctedStony.JPG,SK,SK1B13,Frog_088
P2230288_Sink_Boor13_correctedStony.JPG,SK,SK1B13,Frog_088
P2230289_Sink_Boor13_correctedStony.JPG,SK,SK1B13,Frog_088
P2230290_Sink_Boor14.JPG,SK,SK1B14,Frog_074
P2230291_Sink_Boor14.JPG,SK,SK1B14,Frog_074
P2230292_Sink_Boor14.JPG,SK,SK1B14,Frog_074
P2230293_Sink_Boor14.JPG,SK,SK1B14,Frog_074
P2230294_Sink_Boor14.JPG,SK,SK1B14,Frog_074
P2230295_Sink_Boor14.JPG,SK,SK1B14,Frog_074
P2230296_Sink_Boor14.JPG,SK,SK1B14,Frog_074
P2230297_Sink_Boor15.JPG,SK,SK1B15,Frog_073
P2230298_Sink_Boor15.JPG,SK,SK1B15,Frog_073
P2230299_Sink_Boor15.JPG,SK,SK1B15,Frog_073
P2230300_Sink_Boor15.JPG,SK,SK1B15,Frog_073
P2230301_Sink_Boor15.JPG,SK,SK1B15,Frog_073
P2230302_Sink_Boor15.JPG,SK,SK1B15,Frog_073
P2230303_Sink_Boor15.JPG,SK,SK1B15,Frog_073
P2230304_Sink_Boor15.JPG,SK,SK1B15,Frog_073
P2230305_Sink_Boor15.JPG,SK,SK1B15,Frog_073
P2230306_Sink_Boor16-LW01.JPG,SK,SK1B16-L01,Frog_247
P2230307_Sink_Boor16-LW01.JPG,SK,SK1B16-L01,Frog_247
P2230308_Sink_Boor16-LW01.JPG,SK,SK1B16-L01,Frog_247
P2230309_Sink_Boor16-LW01.JPG,SK,SK1B16-L01,Frog_247
P2230310_Sink_Boor16-LW01.JPG,SK,SK1B16-L01,Frog_247
P2230311_Sink_Boor16-LW01.JPG,SK,SK1B16-L01,Frog_247
P2230312_Sink_Boor16-LW01.JPG,SK,SK1B16-L01,Frog_247
P2230313_Sink_Boor17-LW02.JPG,SK,SK1B17-L02,Frog_182
P2230314_Sink_Boor17-LW02.JPG,SK,SK1B17-L02,Frog_182
P2230315_Sink_Boor17-LW02.JPG,SK,SK1B17-L02,Frog_182
P2230316_Sink_Boor17-LW02.JPG,SK,SK1B17-L02,Frog_182
P2230317_Sink_Boor17-LW02.JPG,SK,SK1B17-L02,Frog_182
P2230318_Sink_Boor17-LW02.JPG,SK,SK1B17-L02,Frog_182
P2230319_Sink_Boor17-LW02.JPG,SK,SK1B17-L02,Frog_182
P2230320_Sink_Boor17-LW02.JPG,SK,SK1B17-L02,Frog_182
P2230321_Sink_Boor18.JPG,SK,SK1B18,Frog_146
P2230322_Sink_Boor18.JPG,SK,SK1B18,Frog_146
P2230323_Sink_Boor18.JPG,SK,SK1B18,Frog_146
P2230324_Sink_Boor18.JPG,SK,SK1B18,Frog_146
P2230325_Sink_Boor18.JPG,SK,SK1B18,Frog_146
P2230326_Sink_Boor18.JPG,SK,SK1B18,Frog_146
P2230327_Sink_Boor18.JPG,SK,SK1B18,Frog_146
P2230328_Sink_Boor18.JPG,SK,SK1B18,Frog_146
P2230329_Sink_Boor19.JPG,SK,SK1B19,Frog_022
P2230330_Sink_Boor19.JPG,SK,SK1B19,Frog_022
P2230331_Sink_Boor19.JPG,SK,SK1B19,Frog_022
P2230332_Sink_Boor19.JPG,SK,SK1B19,Frog_022
P2230333_Sink_Boor19.JPG,SK,SK1B19,Frog_022
P2230334_Sink_Boor19.JPG,SK,SK1B19,Frog_022
P2230335_Sink_Boor19.JPG,SK,SK1B19,Frog_022
P2230336_Sink_Boor19.JPG,SK,SK1B19,Frog_022
P2240340_Beach_Boor01.JPG,BH,BH1B01,Frog_254
P2240341_Beach_Boor01.JPG,BH,BH1B01,Frog_254
P2240342_Beach_Boor01.JPG,BH,BH1B01,Frog_254
P2240343_Beach_Boor01.JPG,BH,BH1B01,Frog_254
P2240344_Beach_Boor01.JPG,BH,BH1B01,Frog_254
P2240345_Beach_Boor01.JPG,BH,BH1B01,Frog_254
P2240346_Beach_Boor01.JPG,BH,BH1B01,Frog_254
P2240347_Beach_Boor01.JPG,BH,BH1B01,Frog_254
P2240348_Beach_Boor01.JPG,BH,BH1B01,Frog_254
P2240349_Beach_Boor02.JPG,BH,BH1B02,Frog_072
P2240350_Beach_Boor02.JPG,BH,BH1B02,Frog_072
P2240351_Beach_Boor02.JPG,BH,BH1B02,Frog_072
P2240352_Beach_Boor02.JPG,BH,BH1B02,Frog_072
P2240353_Beach_Boor02.JPG,BH,BH1B02,Frog_072
P2240354_Beach_Boor02.JPG,BH,BH1B02,Frog_072
P2240355_Beach_Boor02.JPG,BH,BH1B02,Frog_072
P2240356_Beach_Boor02.JPG,BH,BH1B02,Frog_072
P2240357_Beach_LW01.JPG,BH,BH1L01,Frog_122
P2240358_Beach_LW01.JPG,BH,BH1L01,Frog_122
P2240359_Beach_LW01.JPG,BH,BH1L01,Frog_122
P2240360_Beach_LW01.JPG,BH,BH1L01,Frog_122
P2240361_Beach_LW01.JPG,BH,BH1L01,Frog_122
P2240362_Beach_LW01.JPG,BH,BH1L01,Frog_122
P2240363_Beach_LW01.JPG,BH,BH1L01,Frog_122
P2240364_Beach_Boor03_correctedStony.JPG,BH,BH1B03,Frog_129
P2240365_Beach_Boor03_correctedStony.JPG,BH,BH1B03,Frog_129
P2240366_Beach_Boor03_correctedStony.JPG,BH,BH1B03,Frog_129
P2240367_Beach_Boor03_correctedStony.JPG,BH,BH1B03,Frog_129
P2240368_Beach_Boor03_correctedStony.JPG,BH,BH1B03,Frog_129
P2240369_Beach_Boor03_correctedStony.JPG,BH,BH1B03,Frog_129
P2240370_Beach_Boor03_correctedStony.JPG,BH,BH1B03,Frog_129
P2240371_Beach_Boor05.JPG,BH,BH1B05,Frog_197
P2240372_Beach_Boor05.JPG,BH,BH1B05,Frog_197
P2240373_Beach_Boor05.JPG,BH,BH1B05,Frog_197
P2240374_Beach_Boor05.JPG,BH,BH1B05,Frog_197
P2240375_Beach_Boor05.JPG,BH,BH1B05,Frog_197
P2240376_Beach_Boor05.JPG,BH,BH1B05,Frog_197
P2240377_Beach_Boor05.JPG,BH,BH1B05,Frog_197
P2240378_Beach_Boor05.JPG,BH,BH1B05,Frog_197
P2240379_Beach_Boor06_correctedStony.JPG,BH,BH1B06,Frog_112
P2240380_Beach_Boor06_correctedStony.JPG,BH,BH1B06,Frog_112
P2240381_Beach_Boor06_correctedStony.JPG,BH,BH1B06,Frog_112
P2240382_Beach_Boor06_correctedStony.JPG,BH,BH1B06,Frog_112
P2240383_Beach_Boor06_correctedStony.JPG,BH,BH1B06,Frog_112
P2240384_Beach_Boor06_correctedStony.JPG,BH,BH1B06,Frog_112
P2240385_Beach_Boor06_correctedStony.JPG,BH,BH1B06,Frog_112
P2240386_Beach_LW02.JPG,BH,BH1L02,Frog_177
P2240387_Beach_LW02.JPG,BH,BH1L02,Frog_177
P2240388_Beach_LW02.JPG,BH,BH1L02,Frog_177
P2240389_Beach_LW02.JPG,BH,BH1L02,Frog_177
P2240390_Beach_LW02.JPG,BH,BH1L02,Frog_177
P2240391_Beach_LW02.JPG,BH,BH1L02,Frog_177
P2240392_Beach_LW02.JPG,BH,BH1L02,Frog_177
P2240393_Beach_LW03.JPG,BH,BH1L03,Frog_237
P2240394_Beach_LW03.JPG,BH,BH1L03,Frog_237
P2240395_Beach_LW03.JPG,BH,BH1L03,Frog_237
P2240396_Beach_LW03.JPG,BH,BH1L03,Frog_237
P2240397_Beach_LW03.JPG,BH,BH1L03,Frog_237
P2240398_Beach_LW03.JPG,BH,BH1L03,Frog_237
P2240399_Beach_LW03.JPG,BH,BH1L03,Frog_237
P2240400_Beach_Boor07.JPG,BH,BH1B07,Frog_223
P2240401_Beach_Boor07.JPG,BH,BH1B07,Frog_223
P2240402_Beach_Boor07.JPG,BH,BH1B07,Frog_223
P2240403_Beach_Boor07.JPG,BH,BH1B07,Frog_223
P2240404_Beach_Boor07.JPG,BH,BH1B07,Frog_223
P2240405_Beach_Boor07.JPG,BH,BH1B07,Frog_223
P2240406_Beach_Boor07.JPG,BH,BH1B07,Frog_223
P2240407_Beach_Boor07.JPG,BH,BH1B07,Frog_223
P2240408_Beach_Boor08.JPG,BH,BH1B08,Frog_194
P2240409_Beach_Boor08.JPG,BH,BH1B08,Frog_194
P2240410_Beach_Boor08.JPG,BH,BH1B08,Frog_194
P2240411_Beach_Boor08.JPG,BH,BH1B08,Frog_194
P2240412_Beach_Boor08.JPG,BH,BH1B08,Frog_194
P2240413_Beach_Boor08.JPG,BH,BH1B08,Frog_194
P2240414_Beach_Boor08.JPG,BH,BH1B08,Frog_194
P2240415_Beach_LW04.JPG,BH,BH1L04,Frog_156
P2240416_Beach_LW04.JPG,BH,BH1L04,Frog_156
P2240417_Beach_LW04.JPG,BH,BH1L04,Frog_156
P2240418_Beach_LW04.JPG,BH,BH1L04,Frog_156
P2240419_Beach_LW04.JPG,BH,BH1L04,Frog_156
P2240420_Beach_LW04.JPG,BH,BH1L04,Frog_156
P2240421_Beach_LW04.JPG,BH,BH1L04,Frog_156
P2240422_Beach_Boor09.JPG,BH,BH1B09,Frog_225
P2240423_Beach_Boor09.JPG,BH,BH1B09,Frog_225
P2240424_Beach_Boor09.JPG,BH,BH1B09,Frog_225
P2240425_Beach_Boor09.JPG,BH,BH1B09,Frog_225
P2240426_Beach_Boor09.JPG,BH,BH1B09,Frog_225
P2240427_Beach_Boor09.JPG,BH,BH1B09,Frog_225
P2240428_Beach_Boor09.JPG,BH,BH1B09,Frog_225
P2240429_Beach_Boor10.JPG,BH,BH1B10,Frog_049
P2240430_Beach_Boor10.JPG,BH,BH1B10,Frog_049
P2240431_Beach_Boor10.JPG,BH,BH1B10,Frog_049
P2240432_Beach_Boor10.JPG,BH,BH1B10,Frog_049
P2240433_Beach_Boor10.JPG,BH,BH1B10,Frog_049
P2240434_Beach_Boor10.JPG,BH,BH1B10,Frog_049
P2240435_Beach_Boor10.JPG,BH,BH1B10,Frog_049
P2240436_Beach_Boor11.JPG,BH,BH1B11,Frog_135
P2240437_Beach_Boor11.JPG,BH,BH1B11,Frog_135
P2240438_Beach_Boor11.JPG,BH,BH1B11,Frog_135
P2240439_Beach_Boor11.JPG,BH,BH1B11,Frog_135
P2240440_Beach_Boor11.JPG,BH,BH1B11,Frog_135
P2240441_Beach_Boor11.JPG,BH,BH1B11,Frog_135
P2240442_Beach_Boor11.JPG,BH,BH1B11,Frog_135
P2240443_Beach_Boor12.JPG,BH,BH1B12,Frog_081
P2240444_Beach_Boor12.JPG,BH,BH1B12,Frog_081
P2240445_Beach_Boor12.JPG,BH,BH1B12,Frog_081
P2240446_Beach_Boor12.JPG,BH,BH1B12,Frog_081
P2240447_Beach_Boor12.JPG,BH,BH1B12,Frog_081
P2240448_Beach_Boor12.JPG,BH,BH1B12,Frog_081
P2240449_Beach_Boor12.JPG,BH,BH1B12,Frog_081
P2240450_Beach_Boor13.JPG,BH,BH1B13,Frog_055
P2240451_Beach_Boor13.JPG,BH,BH1B13,Frog_055
P2240452_Beach_Boor13.JPG,BH,BH1B13,Frog_055
P2240453_Beach_Boor13.JPG,BH,BH1B13,Frog_055
P2240454_Beach_Boor13.JPG,BH,BH1B13,Frog_055
P2240455_Beach_Boor13.JPG,BH,BH1B13,Frog_055
P2240456_Beach_Boor13.JPG,BH,BH1B13,Frog_055
P2240457_Beach_Boor13.JPG,BH,BH1B13,Frog_055
P2240458_Beach_Boor13.JPG,BH,BH1B13,Frog_055
P2240459_Beach_LW05.JPG,BH,BH1L05,Frog_091
P2240460_Beach_LW05.JPG,BH,BH1L05,Frog_091
P2240461_Beach_LW05.JPG,BH,BH1L05,Frog_091
P2240462_Beach_LW05.JPG,BH,BH1L05,Frog_091
P2240463_Beach_LW05.JPG,BH,BH1L05,Frog_091
P2240464_Beach_LW05.JPG,BH,BH1L05,Frog_091
P2240465_Beach_LW05.JPG,BH,BH1L05,Frog_091
P2240466_Beach_LW06.JPG,BH,BH1L06,Frog_062
P2240467_Beach_LW06.JPG,BH,BH1L06,Frog_062
P2240468_Beach_LW06.JPG,BH,BH1L06,Frog_062
P2240469_Beach_LW06.JPG,BH,BH1L06,Frog_062
P2240470_Beach_LW06.JPG,BH,BH1L06,Frog_062
P2240471_Beach_LW06.JPG,BH,BH1L06,Frog_062
P2240472_Beach_LW06.JPG,BH,BH1L06,Frog_062
P2240473_Beach_LW06.JPG,BH,BH1L06,Frog_062
P2240474_Beach_Boor14.JPG,BH,BH1B14,Frog_187
P2240475_Beach_Boor14.JPG,BH,BH1B14,Frog_187
P2240476_Beach_Boor14.JPG,BH,BH1B14,Frog_187
P2240477_Beach_Boor14.JPG,BH,BH1B14,Frog_187
P2240478_Beach_Boor14.JPG,BH,BH1B14,Frog_187
P2250479_SilentCk_Boor01.JPG,SC,SC1B01,Frog_014
P2250480_SilentCk_Boor01.JPG,SC,SC1B01,Frog_014
P2250481_SilentCk_Boor01.JPG,SC,SC1B01,Frog_014
P2250482_SilentCk_Boor01.JPG,SC,SC1B01,Frog_014
P2250483_SilentCk_Boor01.JPG,SC,SC1B01,Frog_014
P2250484_SilentCk_Boor01.JPG,SC,SC1B01,Frog_014
P2250485_SilentCk_Boor01.JPG,SC,SC1B01,Frog_014
P2250486_SilentCk_Boor01.JPG,SC,SC1B01,Frog_014
P2250487_SilentCk_Boor02.JPG,SC,SC1B02,Frog_246
P2250488_SilentCk_Boor02.JPG,SC,SC1B02,Frog_246
P2250489_SilentCk_Boor02.JPG,SC,SC1B02,Frog_246
P2250490_SilentCk_Boor02.JPG,SC,SC1B02,Frog_246
P2250491_SilentCk_Boor02.JPG,SC,SC1B02,Frog_246
P2250492_SilentCk_Boor02.JPG,SC,SC1B02,Frog_246
P2250493_SilentCk_Boor02.JPG,SC,SC1B02,Frog_246
P2250494_SilentCk_Boor02.JPG,SC,SC1B02,Frog_246
P2250495_SilentCk_LW01.JPG,SC,SC1L01,Frog_236
P2250496_SilentCk_LW01.JPG,SC,SC1L01,Frog_236
P2250497_SilentCk_LW01.JPG,SC,SC1L01,Frog_236
P2250498_SilentCk_LW01.JPG,SC,SC1L01,Frog_236
P2250499_SilentCk_LW01.JPG,SC,SC1L01,Frog_236
P2250500_SilentCk_LW01.JPG,SC,SC1L01,Frog_236
P2250501_SilentCk_LW01.JPG,SC,SC1L01,Frog_236
P2250502_SilentCk_Boor03.JPG,SC,SC1B03,Frog_253
P2250503_SilentCk_Boor03.JPG,SC,SC1B03,Frog_253
P2250504_SilentCk_Boor03.JPG,SC,SC1B03,Frog_253
P2250505_SilentCk_Boor03.JPG,SC,SC1B03,Frog_253
P2250506_SilentCk_Boor03.JPG,SC,SC1B03,Frog_253
P2250507_SilentCk_Boor03.JPG,SC,SC1B03,Frog_253
P2250508_SilentCk_Boor03.JPG,SC,SC1B03,Frog_253
P2250509_SilentCk_Boor03.JPG,SC,SC1B03,Frog_253
P2250510_SilentCk_Boor03.JPG,SC,SC1B03,Frog_253
P2250511_SilentCk_Boor03.JPG,SC,SC1B03,Frog_253
P2250512_SilentCk_Boor03.JPG,SC,SC1B03,Frog_253
P2250513_SilentCk_Boor07.JPG,SC,SC1B07,Frog_227
P2250514_SilentCk_Boor07.JPG,SC,SC1B07,Frog_227
P2271258_repeatswab_possiblyT10.JPG,CK,CK5BpossiblyT10,Frog_250
P2271259_repeatswab_possiblyT10.JPG,CK,CK5BpossiblyT10,Frog_250
P2271260_repeatswab_possiblyT10.JPG,CK,CK5BpossiblyT10,Frog_250
P2271261_repeatswab_possiblyT10.JPG,CK,CK5BpossiblyT10,Frog_250
P2271262_repeatswab_possiblyT10.JPG,CK,CK5BpossiblyT10,Frog_250
