"id","pop","P0","P1","F1","F2","F1xP0","F1xP1"
"SK3B03","booroolong","1.00000","0.00000","0.00000","0.00000","0.00000","0.00000"
"CK5BT10","booroolong","1.00000","0.00000","0.00000","0.00000","0.00000","0.00000"
"SK3L03","wilcoxii","0.00000","1.00000","0.00000","0.00000","0.00000","0.00000"
"SK3B12","booroolong","1.00000","0.00000","0.00000","0.00000","0.00000","0.00000"
"GN2B07","booroolong","1.00000","0.00000","0.00000","0.00000","0.00000","0.00000"
"FH3B03","booroolong","1.00000","0.00000","0.00000","0.00000","0.00000","0.00000"
"GN2B11","booroolong","1.00000","0.00000","0.00000","0.00000","0.00000","0.00000"
"FH3B02","booroolong","1.00000","0.00000","0.00000","0.00000","0.00000","0.00000"
"CK5BT16","booroolong","1.00000","0.00000","0.00000","0.00000","0.00000","0.00000"
"BH2L15","wilcoxii","0.00000","0.00000","0.00000","0.00000","0.00000","1.00000"
"FH3B18","booroolong","1.00000","0.00000","0.00000","0.00000","0.00000","0.00000"
"BH2L13","wilcoxii","0.00000","0.00000","0.00000","0.00000","0.00000","1.00000"
"BH2B26","booroolong","1.00000","0.00000","0.00000","0.00000","0.00000","0.00000"
"SK2B01","booroolong","1.00000","0.00000","0.00000","0.00000","0.00000","0.00000"
"BH2L16","wilcoxii","0.00000","1.00000","0.00000","0.00000","0.00000","0.00000"
"SK3L04","wilcoxii","0.00000","1.00000","0.00000","0.00000","0.00000","0.00000"
"GN3L02","wilcoxii","0.00000","1.00000","0.00000","0.00000","0.00000","0.00000"
"BM3L13","wilcoxii","0.00000","1.00000","0.00000","0.00000","0.00000","0.00000"
"FH3B20","booroolong","1.00000","0.00000","0.00000","0.00000","0.00000","0.00000"
"BH2L11","wilcoxii","0.00000","1.00000","0.00000","0.00000","0.00000","0.00000"
"FH3B05","booroolong","1.00000","0.00000","0.00000","0.00000","0.00000","0.00000"
"CK5BT12","booroolong","1.00000","0.00000","0.00000","0.00000","0.00000","0.00000"
"SK2B02","booroolong","1.00000","0.00000","0.00000","0.00000","0.00000","0.00000"
"CK5BXX","booroolong","1.00000","0.00000","0.00000","0.00000","0.00000","0.00000"
"SK3B11","booroolong","0.00000","0.00000","0.00000","0.00000","1.00000","0.00000"
"FH3B08","booroolong","1.00000","0.00000","0.00000","0.00000","0.00000","0.00000"
"BH2L02","wilcoxii","0.00000","1.00000","0.00000","0.00000","0.00000","0.00000"
"SK3B05","booroolong","0.00000","0.00000","0.00000","1.00000","0.00000","0.00000"
"GN2B08","booroolong","1.00000","0.00000","0.00000","0.00000","0.00000","0.00000"
"GN2B03","booroolong","1.00000","0.00000","0.00000","0.00000","0.00000","0.00000"
"BH2L08","wilcoxii","0.00000","1.00000","0.00000","0.00000","0.00000","0.00000"
"CK5BT02","booroolong","1.00000","0.00000","0.00000","0.00000","0.00000","0.00000"
"BH2B01","booroolong","0.00000","0.00000","0.00000","0.00000","1.00000","0.00000"
"BH2L03","wilcoxii","0.00000","1.00000","0.00000","0.00000","0.00000","0.00000"
"SK3B18","booroolong","0.00000","0.00000","0.00000","1.00000","0.00000","0.00000"
"BM3L05","wilcoxii","0.00000","0.00000","0.00000","0.00000","0.00000","1.00000"
"FH3B09","booroolong","1.00000","0.00000","0.00000","0.00000","0.00000","0.00000"
"CK5BT04","booroolong","1.00000","0.00000","0.00000","0.00000","0.00000","0.00000"
"BH2L12","wilcoxii","0.00000","1.00000","0.00000","0.00000","0.00000","0.00000"
"FH3B04","booroolong","1.00000","0.00000","0.00000","0.00000","0.00000","0.00000"
"SC3B01","booroolong","0.00000","0.00000","0.00000","0.00000","1.00000","0.00000"
"SK2B06","booroolong","0.00000","0.00000","0.00000","0.00000","1.00000","0.00000"
"FH3B12","booroolong","1.00000","0.00000","0.00000","0.00000","0.00000","0.00000"
"FH3B06","booroolong","1.00000","0.00000","0.00000","0.00000","0.00000","0.00000"
"CK5BT14","booroolong","1.00000","0.00000","0.00000","0.00000","0.00000","0.00000"
"BM3L10","wilcoxii","0.00000","1.00000","0.00000","0.00000","0.00000","0.00000"
"SK5BT07","booroolong","1.00000","0.00000","0.00000","0.00000","0.00000","0.00000"
"SK2B07","booroolong","1.00000","0.00000","0.00000","0.00000","0.00000","0.00000"
"CK5BT03","booroolong","1.00000","0.00000","0.00000","0.00000","0.00000","0.00000"
"BH2L14","wilcoxii","0.00000","0.00000","0.00000","0.00000","0.00000","1.00000"
"BM3L06","wilcoxii","0.00000","0.00000","0.00000","0.00000","0.00000","1.00000"
"GN2B16","booroolong","1.00000","0.00000","0.00000","0.00000","0.00000","0.00000"
"BM3L09","wilcoxii","0.00000","1.00000","0.00000","0.00000","0.00000","0.00000"
"CK5BT19","booroolong","1.00000","0.00000","0.00000","0.00000","0.00000","0.00000"
"BH2L05","wilcoxii","0.00000","1.00000","0.00000","0.00000","0.00000","0.00000"
"GN5BT11","booroolong","1.00000","0.00000","0.00000","0.00000","0.00000","0.00000"
"FH3B13","booroolong","1.00000","0.00000","0.00000","0.00000","0.00000","0.00000"
"FH3B16","booroolong","1.00000","0.00000","0.00000","0.00000","0.00000","0.00000"
"BH2B04","booroolong","1.00000","0.00000","0.00000","0.00000","0.00000","0.00000"
"GN2B15","booroolong","1.00000","0.00000","0.00000","0.00000","0.00000","0.00000"
"BM3L01","wilcoxii","0.00000","1.00000","0.00000","0.00000","0.00000","0.00000"
"SK3B02","booroolong","1.00000","0.00000","0.00000","0.00000","0.00000","0.00000"
"FH3B19","booroolong","1.00000","0.00000","0.00000","0.00000","0.00000","0.00000"
"GN2B02","booroolong","1.00000","0.00000","0.00000","0.00000","0.00000","0.00000"
"BH2B08","booroolong","1.00000","0.00000","0.00000","0.00000","0.00000","0.00000"
"SK3B01","booroolong","0.00000","0.00000","0.00000","0.00000","1.00000","0.00000"
"GN2B12","booroolong","1.00000","0.00000","0.00000","0.00000","0.00000","0.00000"
"BH2L04","wilcoxii","0.00000","1.00000","0.00000","0.00000","0.00000","0.00000"
"SK3L02","wilcoxii","0.00000","1.00000","0.00000","0.00000","0.00000","0.00000"
"CK5BT18","booroolong","1.00000","0.00000","0.00000","0.00000","0.00000","0.00000"
"BH2L09","wilcoxii","0.00000","1.00000","0.00000","0.00000","0.00000","0.00000"
"BH2B07","booroolong","1.00000","0.00000","0.00000","0.00000","0.00000","0.00000"
"BM3B01","booroolong","1.00000","0.00000","0.00000","0.00000","0.00000","0.00000"
"SK3B04","booroolong","1.00000","0.00000","0.00000","0.00000","0.00000","0.00000"
"GN2B10","booroolong","1.00000","0.00000","0.00000","0.00000","0.00000","0.00000"
"BH2B06","booroolong","1.00000","0.00000","0.00000","0.00000","0.00000","0.00000"
"BM3L14","wilcoxii","0.00000","1.00000","0.00000","0.00000","0.00000","0.00000"
"SK3L01","wilcoxii","0.00000","1.00000","0.00000","0.00000","0.00000","0.00000"
"FH3B11","booroolong","1.00000","0.00000","0.00000","0.00000","0.00000","0.00000"
"FH3B07","booroolong","1.00000","0.00000","0.00000","0.00000","0.00000","0.00000"
"BM3L04","wilcoxii","0.00000","0.00000","0.00000","0.00000","0.00000","1.00000"
"FH3B10","booroolong","1.00000","0.00000","0.00000","0.00000","0.00000","0.00000"
"GN5LT04","wilcoxii","0.00000","1.00000","0.00000","0.00000","0.00000","0.00000"
"GN2L01","wilcoxii","0.00000","1.00000","0.00000","0.00000","0.00000","0.00000"
"GN2B14","booroolong","1.00000","0.00000","0.00000","0.00000","0.00000","0.00000"
"FH3B17","booroolong","1.00000","0.00000","0.00000","0.00000","0.00000","0.00000"
"BM3L11","wilcoxii","0.00000","0.00000","0.03535","0.94621","0.00000","0.01845"
"BH2B10","booroolong","0.99781","0.00000","0.00000","0.00000","0.00219","0.00000"
"BH2B03","booroolong","1.00000","0.00000","0.00000","0.00000","0.00000","0.00000"
"BH2B14","booroolong","0.00000","0.00000","0.00000","1.00000","0.00000","0.00000"
"SK2B03","booroolong","0.00000","0.00000","0.00000","0.00000","1.00000","0.00000"
"BH2B11","booroolong","1.00000","0.00000","0.00000","0.00000","0.00000","0.00000"
"GN2B04","booroolong","1.00000","0.00000","0.00000","0.00000","0.00000","0.00000"
"BH2L17","wilcoxii","0.00000","1.00000","0.00000","0.00000","0.00000","0.00000"
"GN2B09","booroolong","1.00000","0.00000","0.00000","0.00000","0.00000","0.00000"
"BM3L07","wilcoxii","0.00000","1.00000","0.00000","0.00000","0.00000","0.00000"
"SK3B06","booroolong","0.00000","0.00000","0.00000","0.00000","1.00000","0.00000"
"BH2L10","wilcoxii","0.00000","0.00000","0.00000","0.00000","0.00000","1.00000"
"BH2B12","booroolong","1.00000","0.00000","0.00000","0.00000","0.00000","0.00000"
"GN3L01","wilcoxii","0.00000","1.00000","0.00000","0.00000","0.00000","0.00000"
"SC3B02","booroolong","0.00000","0.00000","0.00000","0.00000","1.00000","0.00000"
"CK5BT17","booroolong","1.00000","0.00000","0.00000","0.00000","0.00000","0.00000"
"CK5BT01","booroolong","1.00000","0.00000","0.00000","0.00000","0.00000","0.00000"
"CK5BT20","booroolong","1.00000","0.00000","0.00000","0.00000","0.00000","0.00000"
"BH2L01","wilcoxii","0.00000","1.00000","0.00000","0.00000","0.00000","0.00000"
"CK5BT06","booroolong","1.00000","0.00000","0.00000","0.00000","0.00000","0.00000"
"CK5BT09","booroolong","1.00000","0.00000","0.00000","0.00000","0.00000","0.00000"
"FH3B14","booroolong","1.00000","0.00000","0.00000","0.00000","0.00000","0.00000"
"BH2B05","booroolong","0.00000","0.00000","0.00000","0.00385","0.99615","0.00000"
"BH2L06","wilcoxii","0.00000","0.00000","0.00000","0.00000","0.00000","1.00000"
"GN2B01","booroolong","1.00000","0.00000","0.00000","0.00000","0.00000","0.00000"
"SK2L01","wilcoxii","0.00000","1.00000","0.00000","0.00000","0.00000","0.00000"
"BH2B13","booroolong","1.00000","0.00000","0.00000","0.00000","0.00000","0.00000"
"BM3L08","wilcoxii","0.00000","1.00000","0.00000","0.00000","0.00000","0.00000"
"GN5BT02","booroolong","0.00000","0.00000","1.00000","0.00000","0.00000","0.00000"
"BH2B09","booroolong","0.00000","0.00000","0.00000","0.00000","1.00000","0.00000"
"CK5BT07","booroolong","1.00000","0.00000","0.00000","0.00000","0.00000","0.00000"
"BM3L12","wilcoxii","0.00000","0.00000","0.99647","0.00353","0.00000","0.00000"
"BH2B15","booroolong","1.00000","0.00000","0.00000","0.00000","0.00000","0.00000"
"SK2B04","booroolong","0.97400","0.00000","0.00000","0.00000","0.02600","0.00000"
"FH3B15","booroolong","1.00000","0.00000","0.00000","0.00000","0.00000","0.00000"
"BH2L07","wilcoxii","0.00000","1.00000","0.00000","0.00000","0.00000","0.00000"
"BH2B02","booroolong","1.00000","0.00000","0.00000","0.00000","0.00000","0.00000"
"SK2B05","booroolong","0.97634","0.00000","0.00000","0.00000","0.02366","0.00000"
"BM3L03","wilcoxii","0.00000","1.00000","0.00000","0.00000","0.00000","0.00000"
"BM3L02","wilcoxii","0.00000","1.00000","0.00000","0.00000","0.00000","0.00000"
"CK5BT13","booroolong","1.00000","0.00000","0.00000","0.00000","0.00000","0.00000"
